#{"t_start": 1744674642.9135854, "env_id": "None"}
r,l,t
-42.609583,500,6.705644
-37.589473,500,11.053692
-28.217671,500,15.429466
-42.694612,500,19.813066
-8.416762,158,27.843754
-27.227428,500,32.236643
-0.486214,59,32.744468
-16.461267,307,35.471113
-20.785829,500,39.907843
-35.138237,500,44.3212
-37.750982,500,57.771157
-37.073599,500,70.574673
-38.541098,500,74.996106
-23.41281,500,79.461921
-26.856494,500,94.797684
-22.027805,500,99.256794
-28.491552,500,103.707916
-17.43769,500,108.141129
-29.602577,500,119.363343
-41.656208,500,123.789724
-23.87235,500,128.224874
-18.557278,500,141.100067
-30.266996,500,152.342359
-20.865662,500,156.82424
-23.244415,500,161.345714
-2.317765,25,161.58139
-19.210685,500,166.062482
-12.472038,500,177.382575
-37.652764,500,181.874658
-20.684318,500,186.387111
-28.823686,500,190.878008
-36.659326,500,202.002728
-19.096005,500,214.882058
-39.237928,500,219.414891
-25.585232,500,223.923155
-14.723517,500,237.131967
-25.549626,500,241.658572
-17.630636,500,246.179433
-15.069194,500,250.673055
-35.47666,500,261.818374
-14.833809,500,266.362812
-14.567092,500,270.875715
-9.522891,286,273.454493
-18.362204,500,286.546344
-30.218878,500,298.288852
-9.20636,500,302.774269
-27.416486,500,307.278992
-21.812531,500,311.811343
-12.380766,500,322.977964
-12.53524,500,327.502815
-15.686403,500,332.033544
-27.497598,500,336.541113
-15.434802,500,347.716107
-8.024076,500,360.714601
-15.386221,500,365.206734
-10.510765,500,369.67347
-21.17683,500,380.977646
-19.53388,500,385.508491
-19.913826,500,390.022065
-16.073266,500,394.551652
-23.909212,500,405.888262
-18.410478,500,410.499935
-9.35385,500,415.247188
-18.698112,500,429.374294
-12.898771,500,441.329095
-6.43632,500,446.075968
-19.223741,500,450.737241
-9.153023,500,455.316322
-11.067708,500,466.606096
-8.706345,500,471.098912
-19.721961,500,475.628767
-26.371933,399,479.224074
-9.191357,500,483.74632
-14.541064,500,503.58275
-4.607192,500,508.138215
-16.470708,500,512.731805
-12.686835,500,517.220949
-11.978144,500,528.461848
-9.677225,500,532.960291
-14.630685,500,537.480755
-2.672863,500,542.0196
-11.379026,500,557.97628
-8.969844,500,562.484912
-6.688931,500,575.444491
-8.525759,500,579.983971
-3.763246,500,591.246255
-5.091513,500,595.749989
-10.813209,500,600.255011
-18.939356,500,604.765865
-1.401184,500,616.047948
1.638515,500,620.561401
-4.112057,300,623.323211
-3.121652,275,625.812247
-5.171999,500,630.354581
-4.478633,500,649.927898
-5.160822,500,654.446463
-6.453963,500,658.972679
2.475268,500,663.531481
-3.006075,100,664.422915
-0.694589,500,675.735064
-0.120834,500,680.281728
4.381774,500,684.807924
-1.572219,500,689.366302
2.002383,500,700.599643
4.450438,500,705.162842
-1.669785,500,717.972324
3.055177,500,722.473459
1.068814,500,733.655944
6.190578,500,738.146175
8.527335,500,742.661973
3.517227,500,747.18962
2.254221,500,758.466153
7.881172,500,763.014474
6.544416,500,767.532897
7.902805,500,772.073084
10.357294,500,791.891374
8.943238,500,796.383003
6.668398,500,800.892842
11.472249,500,805.412349
9.238701,500,816.555289
10.935408,500,821.063875
14.795784,500,825.569519
11.295767,500,830.094494
8.754669,500,843.317629
15.608462,500,847.839561
-2.525106,46,848.263559
2.580187,272,858.977375
14.164894,500,863.497547
13.870224,500,868.046824
15.910795,500,879.144408
14.021794,500,883.651875
6.666914,280,886.144565
-0.012611,56,886.670754
15.916827,451,890.706036
10.526259,353,893.894391
18.909377,497,906.534288
19.741431,500,911.0645
19.774383,500,915.617695
20.311759,500,928.355655
22.096463,500,939.581014
10.81297,342,942.666979
25.920398,500,947.20704
20.815612,500,951.748569
26.192279,500,968.748451
22.893511,500,973.269841
24.973381,500,977.808086
24.664438,500,982.331586
28.120224,500,995.299955
26.298821,500,1008.000467
25.938174,500,1012.525042
29.407941,500,1017.073279
25.378428,500,1028.246621
30.577744,500,1032.762111
30.096796,500,1037.314299
27.69144,500,1041.820984
33.779152,500,1046.305714
28.385106,500,1059.744891
29.039236,500,1064.258265
32.592171,500,1076.938721
-0.129647,66,1077.54637
29.446205,500,1082.080194
7.209192,144,1090.029967
33.43698,500,1094.559087
34.121908,500,1099.073061
33.322451,500,1103.598263
31.602862,500,1114.697973
35.615042,500,1119.216681
33.581605,500,1123.726715
39.720438,500,1128.245377
33.467903,500,1139.335258
39.774863,500,1152.044611
42.089414,500,1156.55527
35.402686,500,1161.073045
41.368005,500,1165.605397
41.914818,500,1178.752377
40.573477,500,1183.299668
46.42626,500,1187.821295
40.662643,500,1192.372751
42.438278,500,1208.864985
47.253292,500,1213.404596
40.325342,500,1226.17125
44.624862,500,1230.733718
43.793973,500,1241.929426
45.024554,500,1246.456466
43.057641,500,1250.990556
45.230528,500,1255.545987
50.840086,500,1268.651356
46.752902,500,1273.175678
44.448411,500,1277.708547
47.624858,500,1282.234492
48.758724,500,1303.640068
50.548515,500,1308.183481
42.988102,470,1312.4536
47.641668,500,1316.991614
51.493959,500,1328.031574
49.270447,500,1332.591581
48.08895,500,1337.120025
55.94279,500,1341.638232
53.897397,500,1352.886124
53.880539,500,1357.544743
50.389992,500,1371.377131
53.07611,500,1376.077319
51.960435,500,1388.177256
59.838982,500,1392.902795
45.211394,431,1396.977911
55.802462,500,1401.663663
52.384282,500,1412.918695
59.54033,500,1417.494574
58.179468,500,1422.009826
42.673402,373,1425.423794
57.555728,500,1438.329902
59.603834,500,1449.425282
59.662452,500,1453.982062
58.077309,500,1458.529424
62.222189,500,1463.053606
57.855233,500,1474.28209
67.084237,500,1478.828237
59.418918,500,1483.420955
63.96925,500,1487.946428
64.621038,500,1499.075314
65.97409,500,1512.014503
68.625756,500,1516.558298
71.765111,500,1521.088704
65.162726,500,1532.235543
68.530976,500,1536.821644
68.383746,500,1541.377892
67.339951,500,1545.909404
66.260061,500,1557.148755
74.00807,500,1561.735512
71.797342,500,1566.301245
68.016795,500,1579.315449
69.936041,500,1590.57028
71.395541,500,1595.142039
69.801882,500,1599.722611
71.315963,500,1604.277861
75.785681,500,1615.44401
71.43433,500,1620.032565
70.782057,500,1624.635325
71.682334,500,1629.178461
75.639124,500,1640.420797
76.520611,500,1653.462423
79.079264,500,1658.070616
75.968222,500,1662.614138
72.334978,500,1667.169659
80.596807,500,1678.526642
80.974949,500,1683.08661
72.215734,500,1687.661192
77.816938,500,1692.213098
76.245848,500,1703.411511
77.904091,500,1708.014381
80.053269,500,1721.059426
80.436864,500,1725.636654
77.593929,500,1736.818347
84.128868,500,1741.426445
80.820546,500,1745.987107
79.758055,500,1750.580645
78.549332,500,1761.853166
80.005645,500,1766.469732
83.571895,500,1771.026721
81.932325,500,1775.591785
82.857566,500,1797.577344
83.923303,500,1802.176883
81.669715,500,1806.775043
84.202962,500,1811.37471
87.309035,500,1822.598779
87.095788,500,1827.204572
87.820523,500,1831.770271
86.116748,500,1836.373439
86.01343,500,1847.543116
86.83541,500,1852.105464
91.588967,500,1865.184292
85.250998,500,1869.766108
86.943468,500,1880.967451
88.457081,500,1885.544343
88.910585,500,1890.146626
91.795715,500,1894.740313
88.260001,500,1905.920502
89.409404,500,1910.497422
87.835229,500,1915.099953
89.130287,500,1919.670108
87.43715,500,1939.384604
91.803456,500,1943.999222
89.303374,500,1948.589482
92.256298,500,1953.203211
90.988823,500,1957.76528
92.874237,500,1968.837872
94.230603,500,1973.424469
92.833593,500,1977.997973
93.545127,500,1982.587673
92.813964,500,1993.706254
93.276141,500,2006.832442
93.349575,500,2011.399095
96.461504,500,2016.005457
92.863431,500,2027.196536
97.090947,500,2031.776286
94.572963,500,2036.388891
93.686192,500,2040.979774
97.411904,500,2052.219817
98.456104,500,2056.798363
93.162483,500,2061.392635
97.355662,500,2074.506337
99.281186,500,2086.766581
99.388486,500,2091.355968
100.478638,500,2095.965627
97.020037,500,2100.597693
97.134231,500,2111.754615
102.371279,500,2116.350217
99.534935,500,2120.977899
97.647525,500,2125.573336
100.784082,500,2136.77437
100.547277,500,2149.976141
101.436821,500,2154.58343
99.449435,500,2159.196221
101.136554,500,2170.436383
103.259177,500,2175.019082
103.146482,500,2179.630073
100.58891,500,2184.255993
104.289362,500,2195.405352
103.234835,500,2200.043846
100.866378,500,2204.638864
103.366321,500,2217.863878
102.872078,500,2229.003221
106.340897,500,2233.583029
100.41595,500,2238.171631
102.203731,500,2242.771301
102.348592,500,2247.35719
105.467588,500,2258.619628
105.071653,500,2263.203677
101.587688,500,2267.785252
102.852717,500,2272.37895
104.946142,500,2293.058928
104.954806,500,2297.682986
103.627891,500,2302.313559
104.031691,500,2307.136478
106.096077,500,2321.120341
106.218471,500,2325.894352
106.198332,500,2330.710754
107.205708,500,2335.522348
106.154468,500,2347.977393
105.362701,500,2352.773843
106.844048,500,2366.341969
109.826174,500,2370.950239
104.900926,500,2382.337283
106.555494,500,2386.934223
108.026691,500,2391.532827
108.833408,500,2396.166242
108.114391,500,2407.490075
107.446424,500,2412.104953
107.52994,500,2416.750383
108.469117,500,2421.364989
106.359507,500,2441.462614
109.869357,500,2446.059305
109.586343,500,2450.711637
109.553385,500,2455.300467
109.331892,500,2466.642073
107.873248,500,2471.224535
112.146156,500,2475.820446
109.165889,500,2480.407862
107.495763,500,2493.959345
110.782598,500,2498.604474
110.174989,500,2511.845758
109.625218,500,2516.467582
112.2803,500,2527.789036
108.847245,500,2532.402508
109.950513,500,2536.999474
111.29338,500,2541.614738
108.599754,500,2552.936829
111.456289,500,2557.562884
112.630407,500,2562.141095
111.083906,500,2566.733204
109.447806,500,2580.027234
110.685802,500,2591.32984
110.694588,500,2595.935015
113.001382,500,2600.55986
110.699177,500,2605.170544
112.902372,500,2616.685281
113.30562,500,2621.307622
112.324507,500,2625.945844
112.453443,500,2630.586923
111.567813,500,2641.954013
112.504724,500,2655.244844
113.412976,500,2659.852294
112.076852,500,2664.501943
112.791374,500,2675.806659
115.20313,500,2680.435574
110.447819,500,2685.043242
113.826003,500,2689.697529
112.039458,500,2701.005949
113.773532,500,2705.622401
114.217315,500,2710.247074
115.814821,500,2723.556435
115.321795,500,2734.909089
114.397804,500,2739.534663
114.845996,500,2744.153506
113.847313,500,2748.763367
116.935401,500,2760.082348
113.724373,500,2764.700597
114.231875,500,2769.332891
115.33601,500,2773.947139
114.857775,500,2785.339257
113.452401,500,2798.584433
114.761049,500,2803.206079
114.137229,500,2807.814652
116.431352,500,2819.136084
116.147096,500,2823.752339
116.258307,500,2828.393863
116.748158,500,2833.012582
115.664795,500,2844.243518
116.558351,500,2848.883173
114.452204,500,2853.543555
115.994962,500,2866.839689
115.901203,500,2871.489863
117.898431,500,2883.212944
117.499874,500,2887.802164
116.498978,500,2892.434901
116.151891,500,2897.041872
116.182395,500,2908.402887
116.534682,500,2913.0416
117.481171,500,2917.644725
117.604986,500,2922.261687
118.269352,500,2942.12517
117.741946,500,2946.748565
116.647862,500,2951.369259
115.215202,500,2956.012551
118.868563,500,2967.701626
116.181571,500,2972.342468
119.257457,500,2976.958395
117.441612,500,2981.580647
117.186103,500,2992.81505
115.772362,500,2997.461649
118.808417,500,3010.710191
119.064739,500,3015.316781
119.78696,500,3026.62053
115.599242,500,3031.238397
117.212037,500,3035.876163
114.872845,500,3040.480199
118.083696,500,3053.192696
117.508689,500,3057.854758
118.096618,500,3062.513975
118.302405,500,3067.126554
118.314166,500,3088.920392
118.800178,500,3093.549775
118.729178,500,3098.160093
116.953482,500,3102.795724
118.253154,500,3114.201434
117.573723,500,3118.830353
116.677928,500,3123.460084
118.949575,500,3128.077749
118.178944,500,3139.432563
117.815554,500,3144.114936
118.392676,500,3157.367323
120.187809,500,3162.003316
118.378242,500,3173.239962
120.823522,500,3177.858479
118.306359,500,3182.465511
118.948142,500,3187.052621
118.952477,500,3191.701067
120.349389,500,3209.701638
119.414688,500,3214.330801
119.782557,500,3218.956195
119.830282,500,3232.240999
119.622369,500,3244.293324
119.810386,500,3248.933241
120.079922,500,3253.562892
119.251803,500,3258.16597
121.333531,500,3271.842516
119.283282,500,3276.71028
120.308384,500,3281.543348
119.871976,500,3286.396397
119.678812,500,3302.324853
121.312514,500,3316.52235
121.950034,500,3321.165731
120.330084,500,3325.771048
120.597866,500,3337.058757
121.643668,500,3341.707015
119.337759,500,3346.332344
121.073579,500,3350.995239
122.363529,500,3366.482555
121.128408,500,3371.105976
121.661175,500,3375.76051
122.461757,500,3389.12107
121.723393,500,3400.339679
121.677284,500,3404.959787
122.034319,500,3409.604273
121.962421,500,3414.235566
121.516772,500,3425.525527
121.764592,500,3430.170374
121.086042,500,3434.823468
121.524923,500,3439.467375
121.005528,500,3451.031375
121.045758,500,3464.365884
123.358534,500,3468.97801
121.516026,500,3473.612594
123.145903,500,3484.856978
122.465722,500,3489.454333
122.604806,500,3494.089036
123.30347,500,3498.722842
123.331343,500,3503.375921
122.396799,500,3514.777024
121.272858,500,3519.416105
122.960932,500,3532.728783
122.428263,500,3537.366856
123.143881,500,3548.597315
123.867833,500,3553.253673
122.639978,500,3557.873825
122.910497,500,3562.509813
122.74617,500,3573.784732
122.949767,500,3578.446725
121.77118,500,3583.078033
124.173292,500,3587.720514
123.925415,500,3607.595294
122.51138,500,3612.238813
123.575352,500,3616.89425
123.363965,500,3621.486577
123.146066,500,3633.621725
122.91313,500,3638.262764
123.825847,500,3642.928663
123.15443,500,3647.542259
124.485607,500,3658.949086
124.024891,500,3663.623952
124.499509,500,3676.909437
123.345262,500,3681.544525
123.136174,500,3692.789107
123.5631,500,3697.41684
124.206702,500,3702.020894
124.697548,500,3706.670012
123.076181,500,3718.066002
123.713449,500,3722.673642
124.144548,500,3727.28871
124.420901,500,3731.923795
124.193614,500,3752.019121
125.786111,500,3756.607202
123.638789,500,3761.229662
124.698629,500,3765.861781
123.826414,500,3777.135476
124.200409,500,3781.764042
124.73881,500,3786.403348
123.213641,500,3791.051976
125.014073,500,3795.693057
125.039276,500,3806.982215
123.637539,500,3820.261004
124.210247,500,3824.878835
125.064651,500,3829.504086
124.315619,500,3840.788523
125.690692,500,3845.372685
123.910707,500,3850.02237
124.025601,500,3854.645653
124.309488,500,3868.912705
124.442407,500,3873.549575
123.690801,500,3878.165815
126.804022,500,3891.4407
125.769527,500,3902.684106
125.481983,500,3907.324215
125.979145,500,3911.959314
124.549608,500,3916.5942
126.685542,500,3927.839915
125.961514,500,3932.460598
127.057195,500,3937.094242
125.626243,500,3941.70662
123.710363,500,3953.171445
126.142621,500,3966.499038
124.947853,500,3971.168351
125.915531,500,3975.788671
126.239135,500,3987.32743
126.639301,500,3991.982735
126.102954,500,3996.632668
125.003693,500,4001.268031
126.008393,500,4012.68205
126.245583,500,4017.34502
127.171535,500,4021.977161
125.921014,500,4035.323272
125.395683,500,4047.777808
125.500727,500,4052.445631
125.642257,500,4057.108769
125.59223,500,4061.781942
127.144076,500,4073.094402
124.852779,500,4077.742308
125.8842,500,4082.384516
126.122529,500,4087.008742
125.908984,500,4098.519343
127.466662,500,4111.880785
126.543103,500,4116.556978
126.472692,500,4121.204826
126.680033,500,4125.845202
126.439052,500,4139.328786
126.612888,500,4143.966529
127.353635,500,4148.627729
126.04184,500,4153.273614
126.556237,500,4164.585692
126.883272,500,4169.257066
127.150716,500,4182.552781
126.422071,500,4187.240201
126.116258,500,4198.818481
126.101786,500,4203.469548
125.848973,500,4208.117007
126.492656,500,4212.772703
128.191099,500,4224.196895
126.739076,500,4229.045558
127.194598,500,4233.893642
127.075437,500,4238.736321
127.511092,500,4262.030754
126.805552,500,4266.819636
126.647229,500,4271.614098
126.984904,500,4276.262223
127.668325,500,4290.915608
128.519255,500,4295.537199
126.76051,500,4300.194048
127.165032,500,4304.82788
128.287186,500,4316.085513
129.000212,500,4320.727678
127.972891,500,4334.042617
127.829295,500,4338.689563
127.845662,500,4352.082544
128.405761,500,4356.735173
127.511513,500,4361.416505
126.110603,500,4366.074173
128.710623,500,4377.511436
126.166273,500,4382.156175
129.079421,500,4386.796318
126.080095,500,4391.460437
128.711563,500,4411.473567
127.069723,500,4416.129979
128.277867,500,4420.774234
128.732392,500,4425.402786
128.81764,500,4430.031063
128.666734,500,4443.349354
128.314898,500,4447.990966
128.2844,500,4452.629649
129.481846,500,4457.252875
127.984243,500,4468.682901
125.82683,500,4482.042524
128.098258,500,4486.677233
127.084658,500,4491.311825
129.288434,500,4502.728778
127.009769,500,4507.324595
127.817611,500,4511.954999
128.043873,500,4516.592709
127.42626,500,4527.928144
127.023937,500,4532.578188
127.957658,500,4537.218398
126.450903,500,4550.511551
127.327499,500,4561.840671
126.982499,500,4566.454394
129.563216,500,4571.099411
127.950156,500,4575.774315
127.917549,500,4592.777765
129.535048,500,4597.4325
127.822011,500,4602.089225
127.847693,500,4606.726901
129.078805,500,4618.022451
128.622889,500,4631.328835
129.47202,500,4635.971115
127.524534,500,4640.615654
128.74777,500,4651.918321
128.37428,500,4656.517829
128.856679,500,4661.148113
129.065692,500,4665.793777
127.835224,500,4677.164166
128.406625,500,4681.818628
128.635111,500,4686.449938
129.625963,500,4699.778418
127.991456,500,4711.23339
127.107053,500,4715.867058
129.698148,500,4720.508079
128.749136,500,4725.157187
129.111678,500,4738.552781
128.778086,500,4743.166386
128.145939,500,4747.80066
128.317841,500,4752.434713
128.376185,500,4757.063154
128.951377,500,4777.102986
129.959756,500,4781.775365
130.082036,500,4786.422317
128.281141,500,4791.077682
130.622144,500,4802.492453
128.750724,500,4807.134587
130.036006,500,4811.761025
128.793671,500,4816.366039
130.032586,500,4827.78763
130.499599,500,4832.409015
128.334975,500,4845.713361
129.75072,500,4850.353171
131.021168,500,4863.061278
130.001733,500,4867.697509
129.545834,500,4872.344025
130.012157,500,4876.997923
128.902516,500,4888.306858
129.920073,500,4892.940773
128.715856,500,4897.576315
129.278463,500,4902.204565
130.50706,500,4922.605462
130.524839,500,4927.231267
129.202898,500,4931.896786
130.436509,500,4936.516864
129.236537,500,4947.885328
129.717487,500,4952.519689
129.850421,500,4957.167513
128.262087,500,4961.816145
129.780769,500,4973.054245
129.529637,500,4977.691276
130.497111,500,4990.986144
130.516586,500,4995.618686
129.806537,500,5008.946773
130.045355,500,5013.563781
129.520657,500,5018.181736
129.320042,500,5022.848097
130.58208,500,5034.107073
131.584993,500,5038.715079
129.542065,500,5043.379714
130.122808,500,5048.014346
131.252347,500,5061.261482
130.405123,500,5072.602394
130.216087,500,5077.231948
129.215051,500,5081.855938
130.659536,500,5086.484942
130.975049,500,5104.419655
131.213174,500,5109.036208
130.550527,500,5113.623585
131.048824,500,5118.253724
129.309697,500,5129.490751
130.597947,500,5142.734862
131.525215,500,5147.475168
132.837185,500,5152.081261
131.246143,500,5163.440942
130.45907,500,5168.078611
130.55347,500,5172.751143
130.209937,500,5177.541433
131.482117,500,5190.278245
130.009857,500,5195.174349
131.545931,500,5200.053969
132.386163,500,5214.345942
131.024867,500,5228.022389
131.11103,500,5232.618166
132.142355,500,5237.239796
131.265642,500,5241.891771
131.508585,500,5255.367916
131.174677,500,5259.997682
131.476025,500,5264.643979
131.563057,500,5269.257166
130.166307,500,5280.612649
131.590672,500,5293.847075
131.305469,500,5298.477634
130.911899,500,5303.085625
131.636265,500,5314.26836
132.238176,500,5318.876516
131.577108,500,5323.483114
131.167166,500,5328.121992
131.004074,500,5339.336227
131.873003,500,5343.947814
131.86893,500,5348.57077
132.903266,500,5361.875791
131.097271,500,5373.120924
132.326539,500,5377.770566
130.811276,500,5382.445369
131.758883,500,5387.068988
130.982361,500,5391.682964
131.629224,500,5403.206291
131.940058,500,5407.825624
131.292526,500,5412.473889
132.015061,500,5417.112087
132.556822,500,5437.015045
130.467605,500,5441.646959
130.98404,500,5446.245978
132.211707,500,5450.847251
131.281452,500,5470.538781
132.848767,500,5475.134662
132.279576,500,5479.773572
132.409326,500,5484.404345
132.459176,500,5495.705863
131.677607,500,5500.335881
132.266537,500,5513.588989
131.295142,500,5518.229939
133.051227,500,5529.468554
132.661703,500,5534.09008
132.034597,500,5538.740807
131.828337,500,5543.347435
132.961816,500,5559.475427
130.709649,500,5564.098931
133.185686,500,5568.716554
132.058692,500,5573.336617
132.526875,500,5593.176146
132.169193,500,5597.794998
132.809352,500,5602.448922
132.900754,500,5607.094283
132.389705,500,5618.261101
132.312241,500,5622.89912
132.482278,500,5627.512186
132.040144,500,5632.158205
132.977384,500,5643.480224
133.246367,500,5648.126707
133.114568,500,5661.389141
132.208397,500,5666.009091
130.81516,500,5677.357888
133.085375,500,5681.962237
133.201396,500,5686.582106
133.256562,500,5691.200313
132.550609,500,5695.824683
132.149233,500,5707.20399
131.90445,500,5711.832031
131.247102,500,5716.486714
132.201119,500,5729.796887
133.026941,500,5741.084749
133.809078,500,5745.717202
132.591506,500,5750.364938
131.68979,500,5754.982897
132.13238,500,5766.245853
132.953733,500,5770.88835
132.805172,500,5775.539997
133.036882,500,5780.169569
131.954897,500,5793.552797
133.386849,500,5806.782195
132.393001,500,5811.406142
132.901792,500,5816.05746
132.904959,500,5827.391032
133.595414,500,5832.00649
132.978226,500,5836.644078
132.927016,500,5841.260423
132.955481,500,5852.500996
132.333912,500,5857.123921
132.498491,500,5861.740113
133.126432,500,5875.002066
133.059686,500,5888.336758
133.863075,500,5892.912672
132.594659,500,5897.519283
133.549802,500,5902.135764
132.322967,500,5913.50107
132.735204,500,5918.133747
132.606922,500,5922.748511
133.649854,500,5927.353726
133.326118,500,5938.710721
132.804693,500,5951.991892
133.86292,500,5956.650746
132.810047,500,5961.293108
132.317903,500,5972.615834
133.789137,500,5977.208212
133.924895,500,5981.852597
134.23218,500,5986.474461
133.860056,500,5991.100485
134.239245,500,6002.474088
133.627245,500,6007.088078
133.599449,500,6020.303569
132.28007,500,6024.94788
133.372641,500,6036.190555
133.344919,500,6040.829448
133.433516,500,6045.436111
133.4657,500,6050.089431
133.825703,500,6063.63148
132.093333,500,6068.264981
133.734388,500,6072.917402
133.455825,500,6077.587842
133.516496,500,6097.711981
133.795182,500,6102.363204
133.933334,500,6106.975302
134.326506,500,6111.582648
133.405453,500,6123.044364
133.627768,500,6127.659822
133.041129,500,6132.256366
133.442288,500,6136.825345
132.336816,500,6148.957755
133.002066,500,6153.803626
132.624911,500,6168.075681
133.462916,500,6172.907277
133.554877,500,6191.082436
133.7043,500,6195.711274
134.215808,500,6200.338895
133.479017,500,6204.92771
134.059647,500,6216.173371
133.670662,500,6220.786519
133.819991,500,6225.409147
133.508362,500,6230.040677
134.084718,500,6250.0481
132.247448,500,6254.660401
133.836535,500,6259.270918
133.896989,500,6263.900825
134.312268,500,6275.384836
131.941643,500,6279.995477
132.866011,500,6284.606571
132.863146,500,6289.225009
134.135071,500,6300.445546
134.048451,500,6305.056147
134.312474,500,6318.251739
132.945981,500,6322.880929
133.881584,500,6327.534405
135.172188,500,6338.983902
132.999916,500,6343.604914
133.428441,500,6348.219326
133.788285,500,6352.801388
134.457932,500,6364.097264
134.278202,500,6368.709361
133.962893,500,6373.330863
134.218155,500,6386.601582
133.646661,500,6397.92944
134.158991,500,6402.551461
133.746504,500,6407.200018
133.275009,500,6411.813645
133.658865,500,6423.177074
134.309794,500,6427.809626
134.294324,500,6432.39268
134.012506,500,6436.99801
133.176054,500,6448.267127
134.189266,500,6461.483821
134.193419,500,6466.095864
135.439796,500,6470.750958
131.840308,500,6482.072595
132.976034,500,6486.699495
133.957644,500,6491.298742
132.779371,500,6495.917032
133.367489,500,6513.356159
133.835245,500,6517.971226
134.063278,500,6522.590616
133.815428,500,6535.792547
134.06841,500,6547.238097
134.298181,500,6551.825345
134.542442,500,6556.450751
134.454252,500,6561.062221
134.109369,500,6572.455388
134.97821,500,6577.080185
134.417154,500,6581.682824
134.103404,500,6586.267683
132.694441,500,6607.049362
133.409022,500,6620.308211
134.594851,500,6625.007577
133.517952,500,6629.623417
134.155006,500,6634.223393
134.346461,500,6645.490394
134.146858,500,6650.117003
132.86139,500,6654.720854
134.439408,500,6659.351866
134.379829,500,6670.662703
134.129491,500,6675.311434
134.593993,500,6688.586277
133.506371,500,6693.209417
133.758179,500,6704.486323
134.762671,500,6709.099314
134.194598,500,6713.745511
134.082712,500,6718.362462
134.085818,500,6729.619909
133.970979,500,6734.211014
134.43638,500,6738.833659
133.373372,500,6743.458561
132.642029,500,6764.446589
133.686439,500,6769.062349
134.635596,500,6773.680044
134.273167,500,6778.271773
134.214447,500,6789.51062
134.324101,500,6794.144625
134.549381,500,6798.775872
134.079234,500,6803.43065
132.913024,500,6814.750993
134.775477,500,6819.375045
133.919623,500,6832.632832
134.653986,500,6837.280351
135.293354,500,6848.663428
133.382188,500,6853.287187
135.240052,500,6857.903467
134.238382,500,6862.5262
133.888904,500,6873.748174
134.135322,500,6878.366188
134.338084,500,6882.973614
134.012406,500,6887.543439
134.220153,500,6907.524698
134.052759,500,6912.138325
133.861026,500,6916.755413
134.663771,500,6921.336879
134.096974,500,6932.718912
135.49382,500,6937.29785
133.648954,500,6941.900777
135.009165,500,6946.545213
134.549407,500,6951.177469
134.924002,500,6962.587803
133.913891,500,6975.851458
135.360791,500,6980.481965
134.544097,500,6985.119432
135.12394,500,6996.399999
134.666203,500,7001.007911
134.815428,500,7005.605372
133.528916,500,7010.225004
135.430019,500,7027.069771
135.072554,500,7031.690417
135.626405,500,7036.330376
133.725621,500,7049.964665
134.685045,500,7062.704034
134.423409,500,7067.31894
133.861659,500,7071.938322
133.436978,500,7076.582642
134.104242,500,7087.99463
134.631781,500,7092.598721
134.472057,500,7097.193172
134.376635,500,7101.849133
134.899956,500,7114.042892
134.162638,500,7128.251595
133.429728,500,7133.085466
134.663601,500,7137.902688
134.498228,500,7149.969663
134.433699,500,7154.71853
134.810501,500,7159.351347
133.495145,500,7163.995284
134.653738,500,7175.330776
134.384416,500,7179.956497
134.07332,500,7184.540406
134.791053,500,7197.733237
133.610394,500,7209.025056
134.453883,500,7213.647213
134.604255,500,7218.264471
134.881667,500,7222.88465
134.826494,500,7234.224313
135.183023,500,7238.85176
134.650285,500,7243.467735
134.184066,500,7248.097372
133.909799,500,7252.693847
135.086121,500,7272.664874
134.360575,500,7277.296924
134.659237,500,7281.954965
135.017565,500,7286.562972
133.78697,500,7297.95661
135.3127,500,7302.563913
134.937674,500,7307.161589
134.889237,500,7311.776387
134.879613,500,7323.258809
134.828585,500,7327.890922
135.454382,500,7341.080757
134.526517,500,7345.744288
135.044427,500,7356.900666
134.810602,500,7361.5241
135.447292,500,7366.134486
135.136139,500,7370.736558
134.498833,500,7381.911483
134.928047,500,7386.497735
135.3022,500,7391.156403
135.557352,500,7395.771425
135.107249,500,7415.574295
136.065805,500,7420.166823
132.82598,500,7424.774024
134.159087,500,7429.383782
135.057132,500,7440.5821
135.430056,500,7445.195921
135.278103,500,7449.839779
135.281006,500,7454.444345
133.551822,500,7465.821845
134.630188,500,7470.452386
135.691005,500,7483.619898
134.4757,500,7488.238437
133.730395,500,7501.077817
134.309818,500,7505.67464
135.690863,500,7510.290368
135.707879,500,7514.890689
135.464829,500,7526.197905
136.058549,500,7530.804865
135.569961,500,7535.415183
135.281527,500,7540.025824
135.265841,500,7553.277123
135.725386,500,7564.829834
135.004366,500,7569.459157
134.922037,500,7574.078913
135.646406,500,7578.73084
135.746017,500,7590.05996
135.746931,500,7594.674015
135.053882,500,7599.319937
135.159489,500,7603.941687
135.618075,500,7615.259069
135.428821,500,7628.478445
136.010747,500,7633.095083
134.425035,500,7637.717186
134.597281,500,7649.01241
135.949501,500,7653.615673
135.234357,500,7658.22118
134.668758,500,7662.830866
135.255173,500,7674.149748
134.823164,500,7678.74179
134.788181,500,7683.380853
135.545246,500,7696.596478
136.231273,500,7707.892773
135.578445,500,7712.538432
135.486387,500,7717.173574
134.574533,500,7721.773547
136.618239,500,7734.108075
134.563733,500,7738.717224
135.574811,500,7743.384434
134.800542,500,7747.984271
136.207418,500,7759.405056
135.350562,500,7772.640548
135.316071,500,7777.274319
134.218148,500,7781.898769
135.329786,500,7793.322592
135.884493,500,7797.937288
134.858617,500,7802.536426
135.397705,500,7807.181269
134.992988,500,7818.445764
135.300022,500,7823.09429
135.548444,500,7827.734673
135.206282,500,7840.945497
136.099131,500,7852.254075
135.782866,500,7856.876538
135.353061,500,7861.503203
135.503684,500,7866.110373
135.644295,500,7870.73374
135.998935,500,7881.958008
135.376088,500,7886.560069
134.746515,500,7891.197228
135.358629,500,7895.804916
134.738838,500,7915.76708
135.236765,500,7920.402102
134.292396,500,7925.029997
135.274558,500,7929.632517
135.219951,500,7940.972988
134.570685,500,7945.596375
135.693802,500,7950.208506
135.85101,500,7954.80348
135.474526,500,7966.06265
135.090381,500,7970.683747
136.414498,500,7983.918878
135.790849,500,7988.561093
135.691145,500,7999.782305
135.000385,500,8004.394899
134.545806,500,8009.012038
135.386016,500,8013.649629
135.739309,500,8026.138049
135.937963,500,8030.757143
135.024041,500,8035.367622
134.917259,500,8039.955653
135.463918,500,8059.974011
135.604277,500,8064.785607
136.310225,500,8069.613087
136.327183,500,8074.435156
136.256539,500,8086.690087
135.997222,500,8091.469036
136.186392,500,8096.267107
136.172623,500,8101.082328
134.871519,500,8112.926859
135.185316,500,8117.530788
134.62538,500,8130.721133
135.504905,500,8135.345558
135.886653,500,8146.72174
135.572574,500,8151.335805
135.847708,500,8155.954039
135.87511,500,8160.597329
134.732816,500,8165.211195
135.956028,500,8176.315979
135.207667,500,8180.971578
135.416599,500,8185.60433
136.037858,500,8198.799123
136.026164,500,8211.790956
136.196347,500,8216.427365
135.617612,500,8221.047112
135.792829,500,8225.659684
135.719253,500,8236.911412
135.975785,500,8241.53137
135.448059,500,8246.158624
135.066422,500,8250.80681
134.893978,500,8262.226144
135.155036,500,8275.408127
134.555363,500,8280.013431
135.964167,500,8284.610641
136.611655,500,8295.852288
135.608399,500,8300.462431
135.076052,500,8305.070142
135.937976,500,8309.670434
136.674935,500,8330.495058
136.181213,500,8335.094451
134.71173,500,8339.720473
134.342724,500,8352.927906
135.309495,500,8364.274147
135.317128,500,8368.858778
136.679073,500,8373.466677
135.028959,500,8378.040962
135.836499,500,8389.344257
134.638071,500,8393.936792
135.480408,500,8398.569295
135.82752,500,8403.141834
135.565273,500,8414.436685
135.817021,500,8427.696705
135.894879,500,8432.355497
135.959154,500,8436.938403
135.93154,500,8450.355576
134.35499,500,8454.937155
135.9048,500,8459.534388
136.892039,500,8464.146732
135.512477,500,8478.486646
135.974241,500,8483.082177
136.224254,500,8487.693796
136.44637,500,8500.857653
136.064655,500,8505.468386
134.995992,500,8516.825711
135.447225,500,8521.450306
136.232105,500,8526.046295
135.36409,500,8530.640797
135.790024,500,8542.005792
135.587553,500,8546.626219
136.361541,500,8551.267151
135.888179,500,8555.874876
135.574142,500,8577.284988
135.218828,500,8581.89844
135.330382,500,8586.496993
136.146665,500,8591.118111
135.880096,500,8602.414314
136.300159,500,8607.001041
135.398715,500,8611.585512
135.897893,500,8616.218434
135.339059,500,8630.53906
136.034598,500,8635.149309
135.716042,500,8648.304523
134.805454,500,8652.946715
135.22449,500,8664.353559
135.371712,500,8668.968111
135.528952,500,8673.573584
135.129904,500,8678.18294
136.180564,500,8691.70846
135.7989,500,8696.325426
135.211297,500,8700.92865
136.227818,500,8705.550751
136.108592,500,8725.667471
136.328808,500,8730.272554
136.36273,500,8734.882544
136.069979,500,8739.483456
136.214586,500,8750.786965
136.560331,500,8755.408409
136.279733,500,8760.002635
136.024095,500,8764.590525
134.863708,500,8775.919157
135.674872,500,8780.50936
136.033415,500,8793.728084
135.9885,500,8798.330555
135.823733,500,8802.948799
136.558675,500,8815.641987
135.25868,500,8820.261076
136.321845,500,8824.842619
136.554979,500,8829.415968
136.167469,500,8842.954236
136.579043,500,8847.566967
135.026666,500,8852.224449
136.285934,500,8865.360228
137.357363,500,8876.685094
136.44205,500,8881.27485
136.58334,500,8885.894486
135.998946,500,8890.482831
135.663245,500,8901.869591
136.075449,500,8906.500132
135.263654,500,8911.07744
136.359626,500,8915.6798
135.727018,500,8927.039498
136.365571,500,8940.211661
136.344409,500,8944.801141
137.089282,500,8949.416346
135.678613,500,8960.772008
136.114586,500,8965.381692
135.829352,500,8969.971083
137.458841,500,8974.560372
134.932106,500,8985.87884
135.512284,500,8990.462878
135.72441,500,8995.069432
135.244637,500,9008.217357
136.275678,500,9029.107612
136.891136,500,9033.893583
136.110941,500,9038.661216
135.3014,500,9043.421947
136.252299,500,9060.006422
135.854061,500,9064.82209
135.596524,500,9069.627892
136.253739,500,9074.396371
135.463566,500,9085.800947
135.90821,500,9098.965115
135.835151,500,9103.583756
136.556369,500,9108.179776
136.082925,500,9119.398341
136.342324,500,9124.015142
135.108343,500,9128.5927
136.752269,500,9133.18659
136.445191,500,9137.766724
136.46913,500,9149.189726
136.461691,500,9153.757656
135.773361,500,9166.926536
136.463442,500,9171.549537
136.895587,500,9182.811777
135.68849,500,9187.402998
136.490375,500,9191.96698
136.410637,500,9196.553696
135.699038,500,9207.916262
137.283573,500,9212.515233
136.828075,500,9217.117773
136.333767,500,9221.727711
136.568133,500,9241.478766
137.233361,500,9246.064683
135.718313,500,9250.694028
136.419244,500,9255.304233
135.759905,500,9266.665408
136.63426,500,9271.2672
135.897005,500,9275.856365
136.631606,500,9280.428631
136.179481,500,9291.626338
136.999309,500,9296.211018
136.289946,500,9309.354212
136.109339,500,9313.96204
136.503244,500,9325.202442
137.04646,500,9329.826967
136.946595,500,9334.433079
136.075845,500,9339.038271
137.150013,500,9352.090586
135.649246,500,9356.723287
135.73884,500,9361.299792
135.446136,500,9365.869623
136.278376,500,9385.852444
136.596947,500,9390.427327
135.435289,500,9395.031538
136.374972,500,9399.610691
136.50863,500,9410.793196
136.0543,500,9415.377908
137.293118,500,9419.982234
135.549287,500,9424.561685
136.205771,500,9429.160959
136.152756,500,9443.625839
136.351251,500,9456.776833
136.609525,500,9461.390234
136.24177,500,9465.993889
136.472363,500,9479.176658
135.317231,500,9483.771059
136.47309,500,9488.395807
136.787352,500,9493.008722
136.572375,500,9504.279006
135.647952,500,9508.864989
135.807516,500,9513.431102
137.192835,500,9526.589451
136.88434,500,9537.88039
136.718494,500,9542.463612
135.45624,500,9547.057204
136.206045,500,9551.628636
136.575881,500,9562.894434
136.74336,500,9567.480729
136.632234,500,9572.08153
135.894796,500,9576.659596
135.745453,500,9588.147176
136.745917,500,9601.298566
137.046034,500,9605.897515
135.721451,500,9610.497648
136.614132,500,9621.855538
136.540168,500,9626.477942
136.14398,500,9631.066193
137.395773,500,9635.662937
136.582726,500,9646.869622
136.696371,500,9651.488101
136.235892,500,9656.089758
136.984619,500,9669.267665
136.122943,500,9683.504879
135.933507,500,9688.087507
136.455413,500,9692.658645
135.606891,500,9697.245867
135.565122,500,9708.522234
136.925858,500,9713.109853
135.202283,500,9717.707035
137.058114,500,9722.238611
136.217244,500,9726.839344
135.853233,500,9746.79341
136.932511,500,9751.411308
137.494335,500,9756.004074
136.018859,500,9760.597384
135.997599,500,9771.947323
137.718488,500,9776.550411
135.711661,500,9781.139549
136.261863,500,9785.748578
136.348106,500,9804.122231
136.068626,500,9808.722054
136.963157,500,9821.927162
136.487676,500,9826.54721
136.561443,500,9837.796502
136.543124,500,9842.397632
136.437082,500,9846.981599
136.113417,500,9851.618142
136.78926,500,9864.978216
136.332104,500,9869.575237
137.004093,500,9874.182139
137.036505,500,9878.759122
135.93429,500,9899.398275
137.172286,500,9904.011196
135.553884,500,9908.656692
136.788787,500,9913.278275
136.935453,500,9924.471691
136.636184,500,9929.075807
136.730235,500,9933.654511
137.692493,500,9938.272933
136.61639,500,9949.682978
135.720469,500,9954.28563
137.555876,500,9967.514756
136.424913,500,9972.100386
137.030478,500,9983.39476
136.545794,500,9988.155764
136.584483,500,9992.937996
136.376859,500,9997.730785
136.918546,500,10011.620172
136.750559,500,10016.430119
137.342205,500,10021.228966
137.488472,500,10026.027497
135.79417,500,10048.336801
137.477704,500,10052.928248
136.152668,500,10057.505254
136.408076,500,10062.08745
136.969129,500,10066.692632
137.768008,500,10080.268118
136.860231,500,10084.877475
136.782872,500,10089.485981
136.123853,500,10094.099555
136.707106,500,10105.435277
136.847956,500,10118.650414
136.312801,500,10123.258101
136.773818,500,10127.893982
137.070835,500,10142.84193
136.157202,500,10147.434671
136.497168,500,10152.020746
137.012338,500,10156.5846
136.274925,500,10167.934619
137.926069,500,10172.543809
136.916255,500,10177.12459
137.177623,500,10190.294275
137.068508,500,10201.520798
136.812539,500,10206.105913
136.680104,500,10210.71795
136.701509,500,10215.339451
137.381127,500,10228.167201
136.650863,500,10232.777704
137.114703,500,10237.395033
136.794046,500,10241.962949
136.319096,500,10253.268697
137.755356,500,10266.451439
136.9984,500,10271.077795
137.250098,500,10275.66799
137.196137,500,10286.890842
136.617522,500,10291.475226
137.155275,500,10296.096059
137.013957,500,10300.641416
135.340077,500,10312.011553
136.798471,500,10316.615714
135.583694,500,10321.19916
137.144593,500,10334.380076
136.354524,500,10345.619486
137.302951,500,10350.196635
136.714595,500,10354.79232
136.378619,500,10359.370715
137.760898,500,10363.930018
137.411795,500,10375.170151
137.241219,500,10379.79104
137.180732,500,10384.387469
136.592117,500,10388.967616
137.589587,500,10415.345537
136.551473,500,10419.927139
137.435855,500,10424.493222
137.299872,500,10429.10627
136.034308,500,10440.286874
137.400947,500,10444.887215
136.599789,500,10449.494082
137.637353,500,10454.079565
136.428772,500,10465.329567
137.660528,500,10469.919924
136.707184,500,10483.090055
137.039936,500,10487.721783
136.572363,500,10498.908038
136.419592,500,10503.538625
135.71299,500,10508.12995
136.008974,500,10512.742171
137.458668,500,10524.056514
136.573263,500,10528.658005
137.198602,500,10533.245293
135.856439,500,10537.814925
136.217102,500,10557.900847
136.571398,500,10562.512234
137.348299,500,10567.106033
137.271544,500,10571.727482
137.600819,500,10582.920833
137.163542,500,10587.521922
137.350438,500,10592.097914
137.599012,500,10596.72669
137.40552,500,10608.183553
137.368146,500,10612.772691
137.291718,500,10625.927827
137.445296,500,10630.558628
135.967322,500,10642.227132
137.266,500,10646.806419
137.174857,500,10651.437874
137.772069,500,10656.037712
137.67908,500,10667.188171
136.850657,500,10671.765263
137.615207,500,10676.325516
137.982453,500,10680.93165
137.108049,500,10694.06529
137.406676,500,10705.966541
136.123221,500,10710.566161
135.77488,500,10715.154741
137.040524,500,10719.728491
137.28942,500,10733.097403
137.661399,500,10737.731013
137.322122,500,10742.33367
137.310844,500,10746.910069
136.469091,500,10758.168876
136.567386,500,10771.36165
136.841073,500,10775.950431
135.976352,500,10780.564615
136.355134,500,10791.905614
136.619679,500,10796.514901
137.433407,500,10801.084982
137.026136,500,10805.688178
137.33874,500,10819.046524
137.122976,500,10823.690874
137.488974,500,10828.304695
137.588055,500,10841.538059
137.474605,500,10854.913607
136.468954,500,10859.52789
136.725342,500,10864.107098
137.221669,500,10868.729617
137.307483,500,10880.175817
137.440167,500,10884.745332
136.865974,500,10889.333728
138.309913,500,10893.963076
137.45276,500,10905.313375
136.339891,500,10918.490642
137.721411,500,10923.107149
137.279642,500,10927.711325
136.886485,500,10941.177832
137.776462,500,10946.018524
137.375967,500,10950.807394
137.520534,500,10955.632779
136.356678,500,10967.667205
137.334373,500,10972.484402
137.214878,500,10977.274249
137.619758,500,10991.085932
136.822459,500,10995.679358
136.725046,500,11006.958994
136.768801,500,11011.544788
137.471199,500,11016.153523
137.426524,500,11020.764649
136.353125,500,11032.040096
137.842975,500,11036.661264
137.462167,500,11041.257035
136.654927,500,11045.840675
138.358987,500,11065.697058
137.061836,500,11070.278372
137.063137,500,11074.894336
137.283274,500,11079.480497
137.229067,500,11090.747523
137.831483,500,11095.36871
137.431941,500,11099.966613
138.224112,500,11104.543094
138.349187,500,11115.635082
138.488537,500,11120.22233
136.774497,500,11133.356141
137.883261,500,11137.963547
137.808642,500,11151.166623
137.279519,500,11155.71558
136.086348,500,11160.326869
137.050039,500,11164.943863
137.317065,500,11178.321043
138.142043,500,11182.889876
138.11575,500,11187.522747
138.16003,500,11192.122613
137.166207,500,11211.915102
137.321578,500,11216.538177
138.043333,500,11221.109934
137.601229,500,11225.718603
137.364578,500,11236.897921
137.728439,500,11241.477637
137.559604,500,11246.050454
137.165841,500,11250.592232
137.594,500,11261.736571
138.086742,500,11266.343868
136.953208,500,11279.494411
138.055455,500,11284.09017
138.00468,500,11288.724526
137.719655,500,11299.829081
136.648321,500,11304.473454
137.931551,500,11309.035107
137.188967,500,11313.619889
135.101593,500,11324.769485
137.264403,500,11329.359919
137.321815,500,11333.937519
137.66598,500,11347.122187
138.03545,500,11358.436557
137.952935,500,11363.014404
138.398512,500,11367.581583
136.896995,500,11372.168534
137.52758,500,11385.430649
137.505727,500,11389.977522
136.949004,500,11394.585796
138.608674,500,11399.178779
138.535587,500,11410.394091
137.938631,500,11423.499707
137.103695,500,11428.104009
137.37265,500,11432.697858
137.577328,500,11444.136628
137.894717,500,11448.704741
137.737473,500,11453.274479
137.281824,500,11457.859543
137.389743,500,11469.095202
138.654449,500,11473.698205
137.633984,500,11478.305262
137.543473,500,11491.436754
136.124886,500,11502.66272
136.981607,500,11507.241084
137.849889,500,11511.834358
138.313036,500,11516.38946
137.918129,500,11527.549753
137.861238,500,11532.120618
138.479438,500,11536.692457
138.201514,500,11541.267661
137.942107,500,11552.695778
138.240868,500,11565.829698
137.867908,500,11570.425748
137.570859,500,11575.02521
137.672957,500,11586.657742
138.044169,500,11591.246381
137.937163,500,11595.849667
138.123748,500,11600.420574
135.4751,500,11604.998508
138.761031,500,11616.221271
138.082203,500,11620.800172
138.369798,500,11633.93187
138.904676,500,11638.521428
138.474849,500,11652.47327
137.754934,500,11657.06838
138.532053,500,11661.673852
137.495554,500,11666.294611
137.613532,500,11681.215582
138.079402,500,11685.820673
138.042152,500,11690.438891
137.846824,500,11695.005009
137.346988,500,11714.899972
137.632006,500,11719.488955
138.765888,500,11724.090662
138.183495,500,11728.670119
137.567496,500,11739.873001
137.881956,500,11744.453357
138.663842,500,11749.061191
138.246584,500,11753.657298
137.354225,500,11764.886138
138.372536,500,11769.465088
137.76458,500,11782.586217
138.308569,500,11787.188176
138.595173,500,11798.335821
138.305604,500,11802.933661
138.483394,500,11807.530427
137.357449,500,11812.096134
138.482896,500,11823.418406
138.758478,500,11828.008876
138.437149,500,11832.620265
138.311091,500,11837.20874
138.358912,500,11859.026246
137.590799,500,11863.614799
137.90124,500,11868.22009
138.644633,500,11872.833035
137.743402,500,11884.025061
137.799488,500,11888.573777
137.608011,500,11893.174048
138.828825,500,11897.928861
138.326107,500,11902.733747
137.906857,500,11915.096291
138.016416,500,11929.26537
138.799252,500,11934.03401
138.756155,500,11938.799759
137.782504,500,11950.805324
138.209861,500,11955.377671
138.4812,500,11959.967527
138.903531,500,11964.558835
138.832039,500,11977.929193
138.642843,500,11982.524318
137.542435,500,11987.139959
138.709722,500,12000.323259
138.370382,500,12011.576625
138.715874,500,12016.154596
138.056399,500,12020.726854
138.635928,500,12025.340564
137.620735,500,12036.724698
138.794542,500,12041.326654
138.458606,500,12045.944785
137.498626,500,12050.512939
138.987749,500,12061.688991
137.923795,500,12074.868639
138.383985,500,12079.498389
139.106664,500,12084.081291
139.325194,500,12095.293123
137.681681,500,12099.907059
137.933239,500,12104.518626
139.027847,500,12109.10962
138.68969,500,12120.346438
137.065434,500,12124.968585
139.855167,500,12129.56334
137.94877,500,12142.76743
138.031068,500,12154.878002
137.012308,500,12159.476631
138.82476,500,12164.072634
138.779477,500,12168.646222
138.409415,500,12179.875817
138.249815,500,12184.485234
137.677274,500,12189.081935
138.693476,500,12193.669413
138.296962,500,12204.864266
138.925281,500,12218.014237
140.121486,500,12222.603353
139.32229,500,12227.201486
138.418526,500,12231.80687
138.765209,500,12242.982554
138.453569,500,12247.584313
137.939587,500,12252.185248
138.299595,500,12256.778586
138.163627,500,12268.041345
137.966715,500,12272.665029
138.45416,500,12285.848064
138.7622,500,12290.432964
137.6912,500,12301.72775
138.916504,500,12306.321344
138.948648,500,12310.915002
138.251116,500,12315.496919
138.213431,500,12326.824512
139.523928,500,12331.409151
138.989936,500,12336.004486
138.655206,500,12340.607473
138.064372,500,12360.493238
137.862515,500,12365.078736
138.472157,500,12369.703423
138.885796,500,12374.311231
137.911565,500,12385.631487
137.538202,500,12390.23644
139.057551,500,12394.839835
139.120227,500,12399.425226
139.282063,500,12410.669057
138.774203,500,12415.292753
139.634687,500,12428.414895
137.013611,500,12432.977625
138.607123,500,12444.234886
139.088344,500,12448.834988
138.363138,500,12453.448251
138.691379,500,12458.063456
139.820074,500,12469.870388
140.038594,500,12474.473186
138.295958,500,12479.098148
139.027978,500,12483.701809
139.217705,500,12503.579782
136.986663,500,12508.19155
138.656472,500,12512.798086
138.86988,500,12517.376539
138.834716,500,12521.999815
139.197496,500,12533.366385
139.273145,500,12537.937553
139.029707,500,12542.549991
139.537195,500,12547.134512
139.187885,500,12558.401129
138.624569,500,12571.54729
139.02081,500,12576.187808
138.599157,500,12580.826827
139.061245,500,12592.01351
139.287202,500,12596.627917
137.803043,500,12601.222663
138.938922,500,12605.838679
139.304811,500,12617.450713
138.580789,500,12622.034609
139.019569,500,12626.682465
138.847344,500,12639.862874
138.498359,500,12651.125778
138.499498,500,12655.784595
138.514275,500,12660.383624
140.071029,500,12665.014192
138.937721,500,12676.191117
140.025318,500,12680.811207
139.400492,500,12685.423106
138.215257,500,12690.044656
138.575085,500,12701.221338
139.173339,500,12714.418792
138.767575,500,12719.018682
138.953652,500,12723.643002
139.024424,500,12734.952823
139.47755,500,12739.57176
138.883273,500,12744.192166
138.979502,500,12748.759084
139.409787,500,12760.209069
138.251768,500,12764.789692
139.431912,500,12769.399647
140.087902,500,12782.614229
139.612733,500,12793.966656
139.807997,500,12798.567402
138.509204,500,12803.177844
139.101467,500,12807.785165
139.016178,500,12819.050738
139.675828,500,12823.629271
138.541306,500,12828.199908
140.07617,500,12832.804805
138.62518,500,12837.396253
139.233594,500,12858.050067
139.113616,500,12862.868455
140.229564,500,12867.70849
139.8359,500,12872.527987
139.188788,500,12886.468876
139.50757,500,12891.26205
139.442692,500,12896.069117
140.165165,500,12900.676729
139.16448,500,12911.916904
139.960601,500,12916.513813
139.528921,500,12929.693852
139.019449,500,12934.284453
139.538547,500,12945.502203
139.13448,500,12950.087735
139.216612,500,12954.715751
139.70232,500,12959.312986
140.020049,500,12970.657925
139.558001,500,12975.283692
139.510552,500,12979.926882
139.897413,500,12984.592333
139.499685,500,13004.57011
139.454139,500,13009.198595
139.537879,500,13013.788002
139.504019,500,13018.427299
139.485954,500,13029.679393
138.457415,500,13034.300368
138.942446,500,13038.945584
139.076101,500,13043.55148
140.268813,500,13054.890203
140.362325,500,13059.515262
139.044305,500,13072.677963
139.932774,500,13077.291449
140.205837,500,13088.644016
140.106748,500,13093.266481
139.071927,500,13097.892307
140.369419,500,13102.524045
140.373136,500,13113.927915
138.586611,500,13118.522884
139.055177,500,13123.10547
139.532763,500,13127.736579
138.247744,500,13140.888735
139.734154,500,13152.274691
140.038938,500,13156.906827
138.396779,500,13161.531353
138.448961,500,13166.155823
140.263671,500,13177.474995
139.471342,500,13182.080879
140.750158,500,13186.660761
140.246951,500,13191.278429
140.644472,500,13202.583824
139.688076,500,13215.852673
138.759468,500,13220.535418
139.809705,500,13225.166757
139.549214,500,13236.459708
139.210116,500,13241.071591
139.849441,500,13245.690465
139.890376,500,13250.324019
140.450839,500,13261.702142
138.238391,500,13266.311598
139.533283,500,13270.922749
139.169108,500,13284.080259
140.506697,500,13295.49491
138.988199,500,13300.106539
139.412084,500,13304.750109
138.799918,500,13309.367794
140.157821,500,13320.760088
139.524469,500,13325.370031
139.469938,500,13329.970337
139.113152,500,13334.621838
138.823315,500,13346.857247
140.497653,500,13360.056692
138.946681,500,13364.669895
138.690406,500,13369.26417
137.260228,500,13380.607416
139.329826,500,13385.194199
140.35726,500,13389.79527
139.22953,500,13394.398668
139.401533,500,13405.76541
139.627635,500,13410.392213
140.592675,500,13415.024193
139.985513,500,13428.184867
140.018613,500,13432.79397
140.812982,500,13444.153326
139.758334,500,13448.767619
140.295727,500,13453.364962
139.512072,500,13457.976604
139.161437,500,13469.453131
139.910158,500,13474.059654
139.51316,500,13478.688576
138.822983,500,13483.327122
138.865019,500,13505.537713
139.71257,500,13510.213186
139.59998,500,13514.849956
139.218519,500,13519.487857
140.024274,500,13532.893948
141.033579,500,13537.512234
139.416964,500,13542.119624
139.440078,500,13546.728958
138.699785,500,13558.991974
139.894058,500,13563.651628
139.788978,500,13576.966809
139.267127,500,13581.597094
140.165747,500,13593.223015
140.416012,500,13597.809086
139.611851,500,13602.411961
140.075179,500,13607.026512
