#{"t_start": 1747672900.887182, "env_id": "None"}
r,l,t
-892.393951,500,13.953946
-25.099523,12,14.167291
-762.719641,500,21.430392
-317.563126,244,25.13111
-771.095966,500,32.538574
-809.547934,500,53.610432
-660.194504,500,61.56866
-846.178291,500,69.028871
-1117.35012,500,76.796034
-850.285379,500,89.567785
-863.365168,500,97.148398
-769.89913,500,104.818174
-757.412998,500,112.595906
-62.59477,44,113.269878
-928.56896,500,134.288132
-692.11093,500,141.748738
-660.302926,500,149.430544
-788.413548,440,155.873804
-982.181419,500,176.564432
-712.728396,500,183.996224
-662.206188,500,191.68903
-548.56337,400,198.046143
-1085.478502,500,221.936157
-631.924965,500,235.751997
-807.864184,500,243.345101
-626.432352,500,251.756975
-610.312098,500,259.386623
-635.981824,500,280.671497
-295.00022,205,283.980345
-802.110716,500,291.536872
-610.502853,500,298.902096
-636.851752,500,312.557227
-650.408701,500,319.887486
-572.704947,441,326.442073
-568.25914,500,333.866006
-948.55594,500,341.349914
-567.304437,500,355.575958
-395.411255,309,360.079365
-645.776324,500,367.48899
-578.304664,500,374.68127
-739.802243,500,387.399425
-661.005762,500,394.925453
-804.740055,500,402.656172
-630.771231,500,424.47635
-708.058941,500,445.544473
-643.650528,500,453.135464
-644.335453,500,460.666694
-663.547356,500,468.907924
-555.667741,500,489.937976
-605.393789,500,497.338719
-659.902959,500,504.869508
-507.559062,500,512.325407
-663.037858,500,526.698552
-488.942304,500,533.851892
-552.070816,500,541.285629
-525.549618,500,548.763883
-562.456765,500,556.295111
-630.251829,500,568.917108
-552.794415,500,575.965808
-486.142286,500,583.455875
-487.898249,500,590.941009
-566.552855,500,611.737014
-619.007836,500,619.155207
-646.775239,500,635.134385
-658.123774,500,642.561162
-668.927736,500,656.331891
-729.635318,500,663.63013
-644.449128,500,670.84834
-788.504012,500,678.182098
-571.772277,500,699.380615
-834.328932,500,706.571044
-689.055601,500,713.789133
-713.069118,500,721.222022
-770.63887,500,734.934182
-520.135876,500,742.305983
-687.773112,500,749.422225
-590.601543,500,756.662934
-537.313966,500,770.543617
-780.889022,500,778.154299
-584.828856,500,785.304186
-530.547447,500,792.600234
-571.245799,500,806.261701
-435.783829,500,813.621931
-670.202577,500,831.260509
-485.246199,500,839.183453
-632.029141,500,854.634497
-605.905485,500,862.463314
-728.519865,500,869.509849
-674.501313,500,876.758309
-548.878579,500,888.839971
-618.64374,500,896.085827
-553.127109,500,903.289114
-529.835917,500,910.976923
-555.456428,500,932.79154
-724.228214,500,940.644822
-497.840148,500,947.991931
-653.066701,500,955.731271
-486.494324,500,963.182983
-887.909347,500,977.222134
-557.870343,500,984.573864
-579.858013,500,991.710645
-539.958318,500,999.215626
-463.96757,500,1011.652236
-612.179618,500,1030.638814
-417.864381,500,1037.684035
-495.389423,500,1045.031874
-640.410405,500,1057.657466
-827.822534,500,1065.015894
-567.884995,500,1072.840262
-510.177883,500,1079.711369
-548.778403,500,1093.692614
-525.130427,500,1100.723351
-612.186257,500,1107.980127
-514.820694,500,1115.220466
-682.850401,500,1136.328155
-519.068568,500,1143.883916
-858.084445,500,1151.548216
-577.068506,500,1159.062384
-652.560397,500,1172.039114
-517.198257,500,1179.88824
-491.32286,500,1187.222762
-554.689841,500,1194.759667
-655.175308,500,1215.6976
-610.007988,500,1234.592692
-570.102216,500,1241.819261
-483.564519,500,1248.993535
-428.442049,500,1269.776853
-539.483979,500,1277.031603
-715.168871,500,1284.549804
-552.816588,500,1292.340612
-658.176385,500,1313.646291
-628.112817,500,1320.586142
-497.267259,500,1327.916272
-434.323381,500,1335.501065
-504.081268,500,1350.570416
-792.249926,500,1357.770121
-636.111948,500,1365.164171
-469.691495,500,1372.744616
-661.639865,500,1386.943357
-584.292248,500,1394.424612
-521.247731,500,1401.666926
-550.402925,500,1409.252938
-564.455576,500,1416.694439
-435.916031,500,1438.99908
-537.1197,500,1446.739974
-481.385617,500,1454.476255
-635.399357,500,1462.285812
-540.009959,500,1483.193791
-620.749912,500,1491.076456
-422.932763,500,1498.419288
-873.208736,500,1505.843159
-537.77004,500,1519.700393
-429.173269,500,1526.860523
-446.253194,500,1534.142914
-441.501662,500,1541.379213
-423.467584,500,1555.393924
-553.293154,500,1562.909476
-439.269117,500,1570.61531
-577.643376,500,1578.103008
-532.569808,500,1599.413536
-562.015511,500,1607.162358
-606.852489,500,1614.689255
-560.647898,500,1622.543835
-477.54444,500,1657.3397
-470.768797,500,1665.138414
-450.417186,500,1672.593169
-462.767259,500,1680.500624
-511.054853,500,1701.410161
-530.750744,500,1709.004617
-555.407614,500,1716.816569
-472.159535,500,1724.584249
-525.326424,500,1745.503665
-479.016441,500,1753.010548
-476.992499,500,1760.244517
-537.624998,500,1767.693749
-416.158724,500,1791.520064
-512.767482,500,1799.777174
-577.724737,500,1808.067444
-438.966745,500,1816.717376
-574.095299,500,1838.733553
-496.474199,500,1847.228991
-486.472657,500,1854.720464
-557.199123,500,1862.19148
-541.371468,500,1881.611245
-555.143011,500,1901.821887
-494.320796,500,1908.873958
-350.89151,500,1916.17235
-390.036024,500,1924.072771
-428.855376,500,1945.84023
-385.722305,500,1953.447374
-465.559028,500,1960.887265
-433.753471,500,1968.452869
-560.504678,500,1982.216716
-547.653287,500,1989.469334
-539.243614,500,1996.767421
-541.394392,500,2004.085435
-504.602823,500,2017.887653
-479.095294,500,2025.297905
-411.522284,500,2032.708085
-579.808311,500,2040.125122
-672.428594,500,2054.288337
-423.945152,500,2061.831316
-374.760876,500,2069.326368
-394.494165,500,2092.583477
-512.765194,500,2106.686586
-450.944251,500,2114.101606
-359.361368,500,2121.159991
-934.824236,500,2128.701399
-474.704424,500,2142.614189
-374.912685,500,2149.928458
-436.492363,500,2157.204321
-573.029229,500,2164.986025
-580.723106,500,2179.108817
-470.707726,500,2186.370291
-463.368714,500,2193.731997
-385.429484,500,2200.697592
-524.20444,500,2214.524446
-445.873222,500,2221.528997
-548.135168,500,2229.011505
-457.84351,500,2236.348595
-524.154497,500,2256.909614
-727.289117,500,2264.108014
-419.099964,500,2271.259262
-367.350183,500,2292.444322
-397.856805,500,2313.211801
-490.048792,500,2321.003984
-395.37644,500,2328.783625
-498.154851,500,2336.40019
-385.279782,500,2343.900286
-401.696958,500,2364.967524
-344.981507,500,2372.823199
-456.411007,500,2380.537319
-410.276409,500,2387.990788
-615.207312,500,2409.628433
-439.085098,500,2416.797724
-515.235581,500,2424.156684
-539.897193,500,2431.57693
-529.804673,500,2445.209035
-419.025635,500,2452.331069
-394.391156,500,2459.576571
-448.84169,500,2466.927266
-474.930889,500,2480.62944
-596.161509,500,2487.789962
-481.567809,500,2509.851801
-364.257498,500,2517.628549
-432.527032,500,2538.364244
-465.930368,500,2545.792379
-368.770148,500,2553.13062
-552.692604,500,2560.373863
-334.277973,500,2582.200569
-595.34516,500,2590.019075
-357.446641,500,2597.660749
-357.980458,500,2605.150727
-541.814485,500,2626.628543
-620.495027,500,2634.366982
-794.330737,500,2642.223472
-431.914529,500,2649.814452
-369.275269,500,2664.243721
-549.626895,500,2671.626722
-509.705003,500,2678.92917
-624.133003,500,2686.224616
-523.270921,500,2699.273887
-410.83736,500,2706.541026
-396.110337,500,2728.740445
-501.959882,500,2737.281073
-375.382829,500,2759.648352
-519.972179,500,2767.576994
-706.686795,500,2775.318668
-336.599754,500,2782.871559
-358.055275,500,2790.481663
-377.313571,500,2804.567968
-401.01639,500,2811.882238
-461.252716,500,2819.068969
-428.975376,500,2826.098406
-395.002063,500,2846.951539
-382.786747,500,2854.172854
-316.095218,500,2861.582917
-658.857655,500,2869.168633
-692.617083,500,2883.202708
-401.095727,500,2890.524892
-429.174317,500,2897.872133
-404.089058,500,2905.046356
-344.996802,500,2918.557093
-402.954879,500,2944.739673
-655.11174,500,2951.997208
-501.625976,500,2959.417934
-647.711076,500,2971.934257
-699.255388,500,2979.358261
-350.445493,500,2986.857646
-480.744033,500,2994.739406
-563.087115,500,3015.886134
-638.238874,500,3023.085509
-435.375977,500,3030.398581
-289.443872,500,3038.198488
-547.639268,500,3059.466361
-512.083326,500,3067.099442
-445.956025,500,3074.888345
-363.764276,500,3082.988542
-396.482047,500,3104.238815
-348.920475,500,3111.659677
-352.372441,500,3118.853189
-279.22277,500,3125.889312
-374.6153,500,3140.553167
-307.90142,500,3158.741236
-868.935519,500,3165.826545
-679.730855,500,3173.071034
-602.915642,500,3186.937508
-554.041524,500,3194.282954
-466.667873,500,3201.600962
-381.3331,500,3208.842585
-353.545446,500,3215.891228
-467.439582,500,3229.582401
-406.214356,500,3236.746989
-399.501729,500,3243.919036
-475.593576,500,3251.195
-518.065034,500,3264.784593
-372.627099,500,3271.87738
-378.072956,500,3279.269377
-349.174342,500,3286.766613
-466.616917,500,3300.519511
-518.735557,500,3308.093313
-351.974244,500,3315.279189
-341.739845,500,3322.54514
-269.157981,500,3349.350654
-494.78661,500,3356.358573
-399.897113,500,3363.411967
-462.539587,500,3370.783617
-492.262435,500,3384.500921
-274.665405,500,3391.802658
-384.734954,500,3399.106372
-330.764754,500,3406.415565
-319.248396,500,3420.299458
-396.027814,500,3427.266071
-309.29799,500,3434.675252
-363.658959,500,3442.103167
-350.184249,500,3462.947026
-572.065552,500,3470.481931
-401.540972,500,3478.12534
-440.470804,500,3485.666843
-347.397071,500,3498.471728
-289.926171,500,3505.894666
-499.559542,500,3513.129648
-443.39687,500,3520.442446
-383.502235,500,3549.901852
-288.903628,500,3557.254548
-407.0534,500,3564.780288
-268.435602,500,3572.0147
-452.260796,500,3585.914053
-376.745901,500,3592.924109
-527.217842,500,3600.171709
-413.159095,500,3607.387115
-334.477565,500,3628.246336
-354.337882,500,3635.690432
-408.920542,500,3643.307677
-691.864456,500,3650.887049
-291.218639,500,3658.30796
-250.635177,500,3681.018912
-399.565297,500,3689.244455
-414.132582,500,3697.522348
-437.380642,500,3704.775686
-322.080074,500,3719.229121
-241.760675,500,3726.250076
-434.018977,500,3733.733955
-344.302481,500,3754.563102
-352.831117,500,3775.274573
-342.092973,500,3783.035731
-278.570105,500,3790.807209
-323.321467,500,3798.906583
-552.702368,500,3819.907735
-292.781307,500,3827.060927
-394.449811,500,3834.388945
-379.540186,500,3841.73835
-337.404261,500,3854.284035
-449.664587,500,3862.187678
-268.695709,500,3869.715397
-374.358747,500,3877.361047
-311.630542,500,3898.257865
-338.353031,500,3906.730863
-236.80024,500,3914.887377
-403.371768,500,3922.452754
-366.1096,500,3942.791074
-481.032879,500,3950.592265
-407.186829,500,3958.27562
-407.520782,500,3986.54917
-672.385621,500,4006.884469
-397.678323,500,4014.318653
-228.199325,500,4021.82915
-324.419859,500,4029.256906
-373.600623,500,4042.999912
-442.708503,500,4050.435254
-273.328035,500,4058.009729
-418.007131,500,4065.636002
-326.008168,500,4086.070076
-522.860514,500,4093.630904
-337.801487,500,4101.047841
-253.135677,500,4108.342497
-399.115291,500,4115.402354
-321.44495,500,4127.874369
-369.440157,500,4135.29559
-279.979469,500,4142.616165
-317.933884,500,4149.917405
-368.187253,500,4163.564322
-421.488969,500,4170.724495
-410.977093,500,4189.906423
-229.531265,500,4196.85753
-293.512046,500,4209.201577
-307.342678,500,4216.76574
-275.155763,500,4224.253186
-360.36322,500,4231.301207
-494.379053,500,4243.804356
-290.583416,500,4251.12775
-359.699306,500,4258.486829
-408.528615,500,4265.979644
-336.21826,500,4278.636982
-291.474843,500,4285.951481
-274.892359,500,4293.183197
-314.016271,500,4300.41584
-659.433479,500,4313.968633
-253.355732,500,4320.735169
-233.625966,500,4327.974607
-282.364169,500,4335.461986
-338.086886,500,4347.343071
-311.805367,500,4354.708309
-354.725255,500,4376.119962
-351.022782,500,4383.334222
-405.791822,500,4397.228419
-610.346048,500,4404.496816
-291.603943,500,4411.62835
-453.188929,500,4418.768687
-432.08118,500,4432.429067
-355.244458,500,4439.658198
-370.829238,500,4446.765998
-536.186473,500,4454.27124
-324.191052,500,4467.969273
-143.112805,282,4472.098525
-251.502527,500,4479.320652
-284.380185,500,4486.409954
-375.16824,500,4493.592068
-440.003619,500,4514.516473
-409.472041,500,4521.84056
-390.413849,500,4529.173332
-575.256309,500,4536.421499
-275.130943,500,4550.300123
-337.879878,500,4557.80625
-391.07017,500,4576.224959
-294.032957,500,4583.364496
-415.655815,500,4595.682198
-454.135593,500,4603.373161
-392.116567,500,4610.864524
-279.550643,500,4618.797169
-261.339616,500,4640.763565
-370.658207,500,4649.641181
-263.184641,500,4657.916911
-276.825886,500,4665.151391
-223.881743,500,4687.297434
-319.925378,500,4694.44916
-526.246244,500,4701.588687
-391.15973,500,4708.797438
-200.260717,500,4730.016443
-225.495243,500,4737.311239
-285.041391,500,4744.704672
-295.466085,500,4752.137339
-276.448445,500,4764.60522
-295.562636,500,4771.985421
-471.859843,500,4792.174353
-397.897972,500,4799.762198
-372.528198,500,4807.14636
-273.08144,500,4828.032691
-289.39251,500,4836.141041
-371.095261,500,4843.907844
-375.296431,500,4851.691406
-289.399495,500,4872.856331
-277.063194,500,4880.307155
-202.337841,500,4887.110186
-320.002655,500,4894.604349
-464.112009,500,4915.630044
-304.147186,500,4923.069791
-215.399498,500,4930.789275
-207.335435,500,4938.247332
-407.999078,500,4952.225768
-375.337051,500,4959.782784
-310.755801,500,4966.974596
-391.999553,500,4974.309184
-547.214138,500,4995.686725
-186.325395,500,5023.878089
-281.59151,500,5031.463718
-426.304428,500,5039.141974
-394.69077,500,5052.745002
-702.336244,500,5060.07763
-312.2102,500,5067.536319
-292.342404,500,5074.999666
-326.440168,500,5089.069742
-223.376574,500,5096.354375
-373.80749,500,5103.724318
-209.786815,500,5111.09068
-412.121872,500,5123.418991
-276.859361,500,5130.893455
-414.747124,500,5138.221597
-300.915334,500,5145.815426
-304.141063,500,5158.486657
-389.272766,500,5165.3947
-418.646323,500,5172.637297
-190.868084,500,5180.000714
-381.518303,500,5192.45133
-194.173529,500,5211.947957
-222.455167,500,5219.444735
-268.986477,500,5226.752977
-360.401741,500,5233.820157
-235.83605,500,5247.765484
-218.237862,500,5255.250618
-255.323903,500,5262.720789
-302.103802,500,5270.258524
-236.927105,500,5284.358133
-411.897228,500,5292.031006
-267.889926,500,5300.036006
-280.605094,500,5307.622026
-284.206971,500,5328.27721
-227.39803,500,5336.027467
-370.299797,500,5344.028776
-235.906646,500,5352.04279
-236.925501,500,5366.534089
-256.32483,500,5374.141438
-396.84097,500,5381.391888
-343.096714,500,5388.606256
-330.349518,500,5413.490257
-275.519367,500,5421.055166
-398.498853,500,5428.537712
-275.908663,500,5436.306051
-298.231231,500,5448.830646
-661.840705,500,5455.922121
-263.762364,500,5463.150674
-385.725325,500,5470.297879
-327.881804,500,5482.519835
-348.446682,500,5489.787954
-365.452235,500,5497.128771
-475.913163,500,5504.748726
-206.840206,500,5525.857077
-315.010912,500,5533.321639
-507.876129,500,5540.563318
-221.035723,500,5547.992265
-227.617185,500,5562.139564
-315.980959,500,5570.305888
-333.14904,500,5578.603108
-242.812405,500,5586.823169
-305.552313,500,5619.12649
-311.953255,500,5626.656917
-299.276052,500,5633.59689
-271.285696,500,5640.619444
-258.492179,500,5647.852488
-260.323472,500,5660.346666
-265.649716,500,5667.755728
-313.160168,500,5675.191945
-239.728595,500,5682.510553
-241.824912,500,5696.351869
-307.702891,500,5703.477145
-337.046415,500,5710.87534
-356.150356,500,5718.348041
-464.637483,500,5732.505559
-244.180577,500,5739.942159
-408.435902,500,5747.283694
-350.419398,500,5754.628163
-345.570691,500,5768.654472
-407.61831,500,5776.371819
-293.786284,500,5784.574686
-412.200606,500,5808.176705
-278.039036,500,5822.264799
-216.800369,500,5829.818593
-252.307684,500,5837.379313
-229.828869,500,5844.765385
-368.132062,500,5865.716759
-204.651542,500,5873.418719
-264.441835,500,5880.491071
-543.872175,500,5888.009645
-257.28492,500,5900.895962
-332.246925,500,5908.62487
-280.888505,500,5916.555969
-348.011862,500,5923.941076
-250.572406,500,5945.176394
-310.133885,500,5952.755093
-180.796895,500,5960.090853
-401.104947,500,5967.746731
-418.361971,500,5988.6033
-368.770417,500,5995.882545
-250.367939,500,6003.276584
-381.285898,500,6024.7538
-304.653492,500,6045.683265
-290.432178,500,6053.207151
-196.420894,500,6060.731931
-223.504211,500,6068.374745
-368.043389,500,6088.696868
-240.342808,500,6096.634562
-443.497389,500,6104.471059
-345.955373,500,6112.035381
-185.842192,500,6119.742235
-269.687646,500,6140.735638
-209.769017,500,6148.070193
-330.391862,500,6155.349941
-228.590028,500,6162.64818
-244.853339,500,6175.115797
-277.262481,500,6182.742098
-189.181147,500,6190.056539
-299.686096,500,6197.240385
-299.664163,500,6209.410474
-169.509617,500,6216.692296
-187.388297,500,6237.066601
-339.385301,500,6244.224366
-205.587713,500,6256.50376
-346.989582,500,6263.792562
-246.817203,500,6271.046059
-370.084085,500,6278.974386
-310.254121,500,6299.978542
-222.329576,500,6307.404761
-224.723225,500,6314.692639
-292.744891,500,6321.784571
-231.782462,500,6342.712152
-240.609923,500,6350.6493
-311.186764,500,6358.597646
-272.231023,500,6366.343409
-356.84362,500,6380.631402
-263.231963,500,6388.427856
-298.815646,500,6395.70601
-220.902069,500,6403.165632
-225.307757,500,6415.701908
-303.055641,500,6423.072098
-271.065192,500,6442.426929
-160.271086,500,6449.979645
-205.258458,500,6462.645723
-173.302356,500,6469.970327
-337.479019,500,6477.431438
-375.179241,500,6485.092857
-338.611642,500,6497.803225
-325.590498,500,6505.463247
-234.519508,500,6513.035905
-291.143105,500,6521.71263
-248.978445,500,6529.780315
-334.623889,500,6552.194269
-270.653012,500,6559.653837
-450.57786,500,6567.047568
-226.856654,500,6574.482155
-258.039726,500,6588.287379
-267.244542,500,6595.788559
-177.828389,500,6603.512916
-204.929322,500,6611.25342
-379.07646,500,6632.269194
-438.889686,500,6651.527333
-226.113144,500,6659.616613
-317.204027,500,6667.609896
-336.413337,500,6688.137236
-269.736318,500,6695.587123
-283.190712,500,6703.060679
-326.453936,500,6710.307246
-389.779983,500,6731.468261
-255.241385,500,6739.216031
-493.441955,500,6746.345541
-285.132647,500,6753.755343
-279.937097,500,6767.669947
-205.370093,500,6775.029451
-256.285043,500,6782.544037
-175.582523,500,6789.841254
-175.554962,500,6803.701325
-215.70611,500,6811.179901
-280.0145,500,6818.326933
-237.800019,500,6825.649664
-284.689162,500,6837.876431
-360.816914,500,6858.254311
-442.581246,500,6865.66313
-230.001978,500,6872.996518
-216.359775,500,6885.690707
-227.404387,500,6893.038325
-308.999977,500,6900.553947
-447.96319,500,6907.735961
-169.409506,500,6920.336268
-282.429567,500,6927.656434
-163.313127,500,6935.100127
-256.65642,500,6942.680432
-259.562131,500,6963.519874
-293.657774,500,6970.892265
-173.531153,500,6978.249933
-292.216356,500,6985.571695
-288.13776,500,6993.161712
-318.169812,500,7007.101405
-417.609439,500,7014.385895
-206.883669,500,7022.112569
-384.135651,500,7029.464836
-241.765163,500,7069.509862
-218.0361,500,7076.764628
-201.775174,500,7084.833508
-158.222663,500,7092.470127
-285.698792,500,7113.365775
-198.878082,500,7121.322485
-231.409843,500,7128.832355
-224.866651,500,7136.120875
-374.956969,500,7156.382979
-229.113926,500,7164.251059
-300.892047,500,7172.250608
-368.033395,500,7180.144182
-249.090635,500,7194.083551
-571.16649,500,7201.081772
-272.846666,500,7208.216651
-191.215933,500,7215.606763
-419.463603,500,7236.995223
-223.695025,500,7244.239425
-409.107923,500,7251.863842
-204.895452,500,7259.625509
-239.798532,500,7288.729762
-273.521645,500,7296.149958
-227.483245,500,7303.613299
-281.714935,500,7311.063853
-283.289613,500,7323.418148
-263.429219,500,7330.901847
-286.935356,500,7338.287551
-395.579938,500,7345.766041
-269.495277,500,7359.437152
-213.926548,500,7366.942694
-196.003068,500,7374.102845
-415.876107,500,7381.539378
-182.378964,500,7402.134237
-282.707595,500,7410.011463
-205.681381,500,7417.158964
-251.502644,500,7424.378928
-152.167731,500,7431.669546
-155.466195,500,7453.078983
-180.278173,500,7461.705469
-289.486976,500,7469.713361
-214.605569,500,7493.156817
-260.283825,500,7516.493587
-265.877945,500,7524.012589
-139.610633,500,7531.755683
-274.765947,500,7539.183221
-188.652153,500,7553.092266
-173.382814,500,7560.1689
-314.332429,500,7567.419992
-222.950398,500,7574.671515
-333.671427,500,7588.43447
-264.414266,500,7595.66652
-266.340526,500,7603.300028
-279.06373,500,7611.057564
-178.096145,500,7632.035993
-266.863802,500,7639.715751
-248.261343,500,7647.376553
-184.239307,500,7655.098573
-296.63331,500,7676.308306
-413.056366,500,7684.000934
-192.365642,500,7691.684075
-225.252515,500,7711.827183
-322.2456,500,7725.81379
-180.892899,500,7733.279572
-403.895418,500,7740.923339
-299.592032,500,7748.534976
-241.631752,500,7769.304373
-302.853893,500,7776.668633
-316.130687,500,7783.894817
-230.11397,500,7791.342751
-156.893132,500,7805.657751
-444.486287,500,7812.757648
-275.219424,500,7820.029695
-248.416011,500,7827.343621
-224.482647,500,7841.153589
-245.538378,500,7848.378314
-256.492041,500,7855.553061
-349.365634,500,7862.775666
-258.314184,500,7869.856647
-194.542698,500,7883.470285
-359.291019,500,7890.771698
-429.049761,500,7908.94855
-228.130054,500,7916.418794
-197.384494,500,7930.310646
-301.846466,500,7937.901122
-359.310253,500,7945.335172
-248.125486,500,7952.546828
-229.336968,500,7966.365047
-222.16122,500,7973.633512
-183.370962,500,7980.802277
-239.543263,500,7987.846542
-189.698407,500,8008.396897
-208.614138,500,8015.527989
-192.086815,500,8022.768222
-380.542814,500,8030.282273
-284.934068,500,8052.042053
-407.404456,500,8059.462088
-278.081573,500,8067.077575
-219.060791,500,8074.800252
-177.124103,500,8087.206965
-263.720341,500,8094.766297
-376.439596,500,8115.534168
-253.77454,500,8123.353719
-198.221599,500,8144.433424
-194.511217,500,8152.00469
-278.233655,500,8159.56009
-340.291146,500,8166.971097
-188.866021,500,8179.6786
-305.458164,500,8187.117218
-244.367854,500,8194.594766
-128.647047,500,8201.955699
-474.922574,500,8214.397663
-222.059807,500,8221.719284
-221.821715,500,8229.087082
-246.538375,500,8236.569567
-401.000015,500,8250.46476
-160.923604,500,8257.83838
-367.388888,500,8265.325139
-231.173886,500,8273.19176
-222.171985,500,8287.246863
-236.811869,500,8294.654906
-273.30015,500,8317.883566
-221.056751,500,8325.392742
-208.857013,500,8332.546787
-277.185165,500,8346.797881
-257.728655,500,8354.131833
-198.217261,500,8361.574251
-266.858294,500,8369.104563
-172.546124,500,8389.829867
-293.291009,500,8397.467124
-249.570809,500,8405.168878
-261.020128,500,8412.755999
-173.533935,500,8435.442441
-179.009769,500,8443.261801
-287.092789,500,8451.586455
-145.762956,500,8460.08972
-208.544982,500,8482.952655
-437.666086,500,8490.006156
-187.230075,500,8496.935062
-240.233341,500,8504.220357
-136.691813,500,8517.048656
-208.432711,500,8540.045768
-278.426402,500,8547.325993
-169.188309,500,8554.780645
-256.802324,500,8575.581103
-254.870361,500,8583.280814
-187.420974,500,8590.733882
-288.362344,500,8597.955759
-222.402562,500,8620.43725
-173.627219,500,8627.707032
-392.813127,500,8634.998742
-240.606882,500,8642.296764
-225.415534,500,8665.208048
-158.220181,500,8672.470461
-253.063735,500,8679.70197
-213.68187,500,8686.894949
-237.175991,500,8699.304016
-235.159231,500,8706.530568
-239.452039,500,8713.820012
-330.040509,500,8721.014039
-163.749516,500,8733.35704
-174.056461,500,8750.837648
-211.210073,500,8757.959575
-242.132672,500,8765.08564
-408.557832,500,8772.307815
-366.576824,500,8785.652562
-170.696827,500,8792.473666
-234.422142,500,8799.304343
-353.407896,500,8806.408527
-270.526927,500,8821.253268
-191.324213,500,8828.538458
-361.430807,500,8835.902377
-295.969443,500,8843.362213
-240.654925,500,8857.166952
-353.408178,500,8864.501241
-365.857385,500,8871.710671
-282.171573,500,8878.11414
-181.385713,500,8892.151995
-178.551811,500,8899.934246
-287.302171,500,8907.535569
-403.947625,500,8914.811409
-300.277984,500,8937.952449
-223.325192,500,8945.350364
-167.781701,500,8952.809712
-419.307994,500,8960.299879
-122.771826,500,8981.112976
-167.318063,500,8988.574678
-260.205769,500,8996.201852
-202.606599,500,9003.845732
-259.571516,500,9025.756891
-260.685957,500,9033.615016
-171.301083,500,9042.241286
-403.460276,500,9050.16288
-164.878543,500,9071.73092
-182.88936,500,9079.556558
-294.813872,500,9087.22997
-175.645574,500,9094.763625
-183.006997,500,9117.28911
-200.403709,500,9124.86663
-167.009177,500,9132.33879
-209.361034,500,9139.783967
-194.842874,500,9161.630922
-189.228874,500,9168.969755
-227.125481,500,9176.111319
-197.916169,500,9183.289104
-208.851657,500,9197.929263
-308.391189,500,9205.217751
-207.132543,500,9212.743292
-307.011803,500,9220.080705
-389.339603,500,9227.497634
-311.028643,500,9249.016036
-257.588937,500,9256.334058
-445.107973,500,9263.569444
-204.198298,500,9270.764266
-283.460129,500,9282.790887
-209.259838,500,9289.929899
-236.271497,500,9297.190834
-185.639791,500,9304.390897
-198.52685,500,9316.682222
-194.643388,500,9324.127051
-168.930968,500,9331.295349
-283.702257,500,9352.28151
-351.939834,500,9373.185645
-259.35672,500,9381.901029
-273.014951,500,9389.843027
-290.720974,500,9397.94559
-244.467474,500,9421.754082
-248.376951,500,9428.706503
-233.990492,500,9435.715643
-195.17261,500,9443.086736
-254.76464,500,9456.334625
-137.615049,500,9463.750444
-187.963969,500,9471.204948
-194.560991,500,9478.772443
-216.099366,500,9501.058884
-210.286186,500,9508.282339
-206.918821,500,9515.506918
-169.259606,500,9522.523627
-167.443647,500,9537.413811
-194.037198,500,9544.955435
-243.131224,500,9552.439734
-181.129417,500,9571.139541
-350.624963,500,9592.241124
-224.605928,500,9599.594965
-247.640945,500,9607.351601
-235.452912,500,9614.655862
-233.166117,500,9635.913653
-243.032676,500,9643.138859
-230.307271,500,9650.345439
-161.681342,500,9657.362041
-156.638138,500,9664.110913
-395.677852,500,9679.261248
-172.562689,500,9686.397778
-186.821209,500,9693.329632
-275.888859,500,9700.52567
-264.306251,500,9723.441273
-168.673161,500,9730.687273
-263.404212,500,9738.050138
-262.122256,500,9745.312187
-175.201192,500,9767.236113
-230.987239,500,9774.841522
-217.673816,500,9797.166227
-183.489707,500,9804.754484
-392.829261,500,9825.480514
-352.511491,500,9832.669258
-269.85407,500,9839.845444
-356.733692,500,9847.038464
-246.160322,500,9859.447763
-234.298777,500,9866.532711
-180.781874,500,9873.695266
-181.169219,500,9881.003186
-140.525387,500,9893.418592
-238.260669,500,9900.460222
-267.704562,500,9907.562164
-224.194118,500,9915.224579
-146.660843,500,9929.741536
-239.551709,500,9937.057571
-192.998281,500,9944.556453
-250.19338,500,9952.207941
-299.256037,500,9966.254077
-219.871419,500,9974.466513
-288.780769,500,9994.852508
-417.597185,500,10002.169582
-201.501075,500,10023.428289
-138.492572,500,10030.678521
-300.766132,500,10038.213305
-248.606082,500,10045.439017
-10.168638,31,10045.918049
-242.835876,500,10059.527977
-289.28415,500,10066.283067
-322.218049,500,10073.729303
-264.826176,500,10081.336756
-218.66919,500,10096.531846
-247.895365,500,10103.888246
-332.882137,500,10111.618703
-195.747479,500,10118.76664
-312.005542,500,10125.945523
-156.396012,500,10139.761759
-244.958002,500,10146.87189
-229.337754,500,10154.112649
-422.907487,500,10161.22148
-188.797657,500,10175.151775
-201.193501,500,10191.446519
-279.233292,500,10198.968407
-164.623089,500,10205.959565
-206.074683,500,10219.087774
-336.764464,500,10226.353245
-141.756032,500,10233.588727
-147.673332,500,10241.120949
-195.438375,500,10262.617846
-222.931676,500,10269.543952
-355.328428,500,10276.803542
-142.497819,500,10283.526452
-201.807769,500,10295.845577
-242.236098,500,10303.017171
-188.03941,500,10310.269293
-264.477616,500,10317.416508
-415.404199,500,10340.120976
-189.104999,500,10348.910811
-418.209186,500,10356.859447
-198.296404,500,10364.702783
-294.07935,500,10377.607073
-136.211417,500,10397.498271
-241.510668,500,10405.202792
-231.012658,500,10412.712358
-228.050695,500,10433.445996
-257.202649,500,10440.660066
-289.277408,500,10447.831723
-289.045054,500,10455.326838
-172.535203,500,10478.181437
-154.120064,500,10485.825546
-268.47725,500,10493.456998
-224.693724,500,10501.064438
-244.929684,500,10522.71011
-303.255496,500,10530.106991
-181.661257,500,10537.566658
-404.571671,500,10545.195316
-238.48887,500,10566.79756
-206.414966,500,10574.492734
-317.145614,500,10582.058171
-169.286775,500,10589.329256
-178.895632,500,10596.48768
-312.584946,500,10631.655752
-166.554965,500,10638.723854
-194.713645,500,10645.917312
-194.354248,500,10652.788831
-206.201934,500,10665.136966
-163.285683,500,10671.983541
-217.144077,500,10678.746119
-139.874247,500,10686.290612
-288.395453,500,10698.667314
-257.616061,500,10705.976854
-247.711141,500,10713.187254
-259.923018,500,10720.450525
-211.465869,500,10734.254553
-280.186217,500,10741.369988
-206.530455,500,10748.558205
-220.229075,500,10755.797354
-290.653151,500,10770.577461
-177.065578,500,10777.660289
-266.055603,500,10784.843388
-198.983893,500,10791.998795
-333.682842,500,10821.461565
-205.836833,500,10828.564925
-110.378382,500,10835.893349
-131.810326,500,10843.183854
-141.734149,500,10857.114864
-213.044359,500,10864.084687
-140.053411,500,10871.198699
-177.936968,500,10878.52184
-154.651706,500,10892.176578
-293.095272,500,10899.140451
-281.034893,500,10906.166993
-227.94728,500,10912.491355
-284.035618,500,10935.028551
-152.687414,500,10942.536203
-256.11836,500,10949.858525
-231.044976,500,10957.201566
-233.463609,500,10980.03705
-174.159076,500,10987.514372
-147.812642,500,10994.621423
-163.698177,500,11001.895964
-191.545978,500,11024.346156
-215.594193,500,11045.236929
-111.257777,500,11052.597825
-189.779826,500,11059.864229
-225.979249,500,11067.040072
-277.669869,500,11080.949593
-264.22242,500,11088.039836
-375.522424,500,11095.16061
-325.052895,500,11102.687804
-145.289173,500,11115.21544
-197.142744,500,11122.53262
-188.665905,500,11129.619511
-248.775235,500,11136.825397
-349.903883,500,11149.184266
-196.548188,500,11156.606415
-239.384763,500,11163.796745
-195.124443,500,11170.804823
-132.500026,500,11183.340313
-140.58019,500,11190.599574
-267.188634,500,11197.8754
-164.78976,500,11216.583357
-101.931798,500,11229.163455
-206.531548,500,11236.434767
-207.269274,500,11243.433605
-451.888047,500,11250.632
-203.411124,500,11272.000252
-286.567438,500,11279.256915
-225.411449,500,11286.499703
-226.347605,500,11294.21119
-250.665045,500,11318.782722
-172.212848,500,11326.850073
-135.436685,500,11334.601743
-222.426196,500,11341.928682
-149.808743,500,11354.849995
-282.987854,500,11362.037411
-212.506018,500,11369.109054
-234.348986,500,11376.131968
-325.10699,500,11388.622684
-174.382533,500,11395.735975
-362.953504,500,11402.949931
-256.636336,500,11420.240504
-183.596941,500,11427.210433
-269.446674,500,11440.001519
-317.177417,500,11447.21782
-133.993604,500,11454.359476
-157.326655,500,11461.576481
-136.490193,500,11474.790567
-187.209123,500,11482.019117
-249.529115,500,11489.471453
-167.024332,500,11496.426823
-132.639332,500,11508.535169
-168.055321,500,11515.067384
-195.089568,500,11521.73388
-154.808947,500,11528.562665
-188.540601,500,11543.51412
-186.949823,500,11550.737826
-272.99001,500,11558.176217
-149.835905,500,11565.309193
-227.225426,500,11578.947211
-198.482151,500,11586.117859
-309.601666,500,11605.765046
-178.391888,500,11613.316659
-260.589461,500,11635.236451
-230.612631,500,11642.957057
-142.640319,500,11649.764678
-529.980871,500,11656.193841
-119.348794,500,11669.914391
-165.793686,500,11676.894572
-133.724363,500,11684.204152
-170.520408,500,11691.203724
-159.616747,500,11705.8122
-187.527098,500,11712.779191
-260.078069,500,11719.955269
-172.488821,500,11726.729056
-264.650272,500,11749.12349
-169.507881,500,11755.732987
-161.311389,500,11763.263975
-134.713507,500,11770.990326
-247.580375,500,11793.372296
-220.597131,500,11800.465427
-124.936429,500,11818.904231
-445.550749,500,11825.984245
-166.284834,500,11839.841841
-240.411623,500,11847.171311
-198.799324,500,11854.270465
-312.799578,500,11860.886427
-269.675451,500,11868.315603
-242.028893,500,11890.174474
-201.724864,500,11896.760097
-219.220875,500,11903.139709
-212.562485,500,11910.190156
-171.336015,500,11932.920372
-372.925414,500,11940.445442
-142.509063,500,11947.442637
-219.06888,500,11954.465097
-294.519909,500,11966.913102
-165.429386,500,11974.201863
-323.393863,500,11981.485473
-217.637356,500,11988.876669
-233.380913,500,12001.025985
-222.053103,500,12018.927619
-132.464444,500,12026.514853
-256.34551,500,12033.704823
-174.057712,500,12054.596874
-241.61446,500,12062.218138
-280.809318,500,12069.596661
-233.953823,500,12076.751421
-228.706347,500,12098.342248
-168.916366,500,12105.912426
-162.633901,500,12113.367034
-190.266946,500,12120.528539
-215.405811,500,12134.445522
-170.176744,500,12141.467592
-159.343484,500,12148.792069
-156.878481,500,12156.316433
-250.829609,500,12170.094127
-177.939097,500,12177.609351
-99.095014,500,12184.861578
-127.245919,500,12192.183307
-324.008136,500,12213.55427
-221.575754,500,12233.672133
-297.631947,500,12241.692504
-365.114175,500,12249.907394
-156.596228,500,12266.625559
-150.84767,500,12274.291217
-272.291578,500,12281.71593
-159.996221,500,12288.95757
-172.47758,500,12296.631663
-189.226513,500,12318.772104
-182.70015,500,12326.280514
-178.353615,500,12333.857839
-326.906213,500,12341.091489
-287.764107,500,12362.842162
-125.451654,500,12370.31067
-215.914694,500,12377.838444
-206.557501,500,12385.404068
-215.679306,500,12407.255904
-237.541875,500,12414.654125
-297.190042,500,12422.171831
-235.904175,500,12429.458158
-248.468442,500,12454.749715
-204.241511,500,12461.836584
-213.948314,500,12469.041491
-221.163099,500,12476.047005
-254.504598,500,12488.274873
-137.589515,500,12495.492334
-294.515866,500,12502.614745
-241.290669,500,12509.663971
-144.889893,500,12522.270529
-276.478437,500,12529.638111
-167.661825,500,12536.850636
-125.138862,500,12544.02829
-210.338684,500,12565.216405
-208.023159,500,12572.741702
-356.399578,500,12580.335195
-261.589902,500,12587.606442
-290.081903,500,12600.009951
-143.168186,500,12607.257275
-151.703348,500,12613.910992
-133.157908,500,12621.108878
-176.042958,500,12642.843425
-365.156597,500,12649.870421
-108.672549,500,12657.332313
-237.973908,500,12664.761531
-136.914914,500,12685.782136
-188.992125,500,12693.153448
-179.481953,500,12700.874147
-169.451714,500,12708.119365
-214.814546,500,12721.894176
-193.256506,500,12729.028964
-253.450164,500,12736.187442
-280.55972,500,12743.405682
-270.851141,500,12750.588717
-132.173458,500,12763.018408
-165.287323,500,12770.400525
-190.35941,500,12777.573174
-219.250265,500,12785.054097
-228.921923,500,12806.299839
-211.085124,500,12813.406352
-148.362035,500,12820.708636
-238.49327,500,12845.656877
-262.925423,500,12866.257292
-157.486746,500,12873.393673
-254.67854,500,12880.544206
-244.509596,500,12887.405753
-229.410059,500,12901.366692
-312.98921,500,12908.679597
-207.970293,500,12916.549235
-246.949717,500,12923.933538
-227.679485,500,12937.908845
-290.522157,500,12945.225687
-230.019974,500,12952.355348
-204.612887,500,12959.488655
-133.058724,500,12981.455271
-184.372267,500,12989.49701
-119.5308,500,12996.891862
-139.321076,500,13004.460718
-193.509381,500,13018.129692
-255.928878,500,13025.342054
-193.159327,500,13032.620708
-216.371985,500,13050.16894
-150.770653,500,13071.482971
-197.75889,500,13079.274815
-187.910703,500,13086.984384
-152.396774,500,13094.330832
-280.664472,500,13115.618445
-207.404778,500,13122.766976
-173.0271,500,13129.824173
-320.371813,500,13137.244641
-216.047226,500,13159.177813
-298.19133,500,13166.305815
-117.873651,500,13173.491022
-242.675711,500,13180.837906
-221.232213,500,13188.760403
-173.442816,500,13212.914498
-193.713828,500,13220.51855
-227.400927,500,13228.095526
-166.919166,500,13235.352248
-163.669403,500,13249.800735
-214.614158,500,13256.718814
-179.357665,500,13274.522266
-230.617851,500,13281.680899
-213.104681,500,13295.449786
-118.390031,500,13302.540011
-151.71696,500,13309.54789
-129.562615,500,13316.772689
-214.808283,500,13330.350189
-126.653599,500,13337.427822
-213.741165,500,13344.082188
-261.539277,500,13350.945727
-221.993381,500,13363.658207
-141.459903,500,13371.154441
-204.613834,500,13378.694113
-179.396814,500,13386.025856
-149.10645,500,13407.91261
-156.474933,500,13415.373253
-238.953319,500,13423.008936
-273.616019,500,13430.332106
-178.775952,500,13442.874478
-188.724116,500,13450.108355
-148.876508,500,13469.303705
-258.17129,500,13476.600459
-176.296661,500,13498.104942
-158.527141,500,13504.889363
-132.45725,500,13511.751115
-177.646165,500,13518.637501
-411.444235,500,13532.796637
-142.23198,500,13539.879428
-170.246404,500,13547.170928
-202.997775,500,13554.614585
-132.32834,500,13576.302702
-232.964297,500,13583.647228
-200.742826,500,13590.174527
-250.977312,500,13597.216058
-185.822279,500,13604.38188
-178.853109,500,13626.426133
-269.56154,500,13633.093361
-184.448857,500,13640.422347
-220.637078,500,13647.88166
-234.801811,500,13661.471323
-301.105803,500,13681.802324
-277.669458,500,13689.086724
-196.376356,500,13696.141975
-207.432224,500,13709.712443
-148.62081,500,13717.163618
-136.577702,500,13724.57424
-217.721906,500,13731.91965
-149.235018,500,13745.55786
-113.489398,500,13752.618839
-143.611182,500,13759.973456
-229.34088,500,13767.157042
-133.915084,500,13780.637647
-144.861395,500,13787.76081
-249.133164,500,13795.050302
-265.204327,500,13802.749059
-239.642255,500,13816.409022
-178.642855,500,13823.766128
-337.908257,500,13831.332844
-184.725598,500,13838.862757
-139.705873,500,13860.204467
-225.795175,500,13877.974761
-181.245674,500,13884.944387
-157.092726,500,13891.995846
-299.506698,500,13905.808544
-210.172029,500,13912.852581
-193.695629,500,13919.882004
-358.609294,500,13926.948059
-134.426,500,13940.702288
-155.380839,500,13947.950389
-92.286771,500,13955.035806
-234.67707,500,13962.20975
-283.293629,500,13984.265507
-184.357103,500,13991.727528
-332.379818,500,13998.841889
-241.821187,500,14005.93338
-193.157335,500,14018.160034
-194.718212,500,14025.93647
-252.33749,500,14033.312165
-134.993677,500,14040.448196
-176.057724,500,14047.711649
-108.734081,500,14072.061377
-136.409743,500,14079.366478
-184.108001,500,14087.134906
-189.346261,500,14094.13843
-122.129277,500,14115.543568
-239.521404,500,14123.094234
-294.296,500,14131.198232
-160.376871,500,14139.938244
-154.684447,449,14164.092879
-158.339632,500,14171.664201
-249.560204,500,14178.929501
-198.458871,500,14186.288624
-166.246589,500,14198.980526
-225.581024,500,14206.527724
-95.948123,500,14214.160185
-271.057637,500,14221.894531
-148.366845,500,14243.749282
-211.440717,500,14251.367451
-223.31083,500,14259.220974
-274.995376,500,14266.650943
-160.564737,500,14293.361303
-234.859938,500,14300.678059
-311.956215,500,14308.028352
-136.278145,500,14315.338235
-267.318501,500,14329.161954
-124.463322,500,14336.885902
-124.047474,500,14344.233337
-134.294293,500,14351.442168
-317.351536,500,14372.677741
-286.758463,500,14380.140211
-161.10438,500,14387.511122
-181.304959,500,14394.807
-222.581278,500,14416.575953
-147.345691,500,14423.973552
-136.006961,500,14431.496322
-164.836261,500,14438.822462
-287.82532,500,14446.117518
-270.992507,500,14460.234796
-209.124416,500,14467.422359
-237.035385,500,14474.819135
-313.644074,500,14495.884372
-143.220947,500,14509.358428
-432.281241,500,14516.477039
-114.366236,500,14523.621261
-182.785304,500,14531.321774
-236.220973,500,14553.103822
-140.112248,500,14560.406244
-364.413399,500,14567.294436
-185.542583,500,14574.697194
-275.532211,500,14596.375731
-322.724445,500,14604.080234
-207.62312,500,14611.44334
-133.47126,500,14618.495492
-130.555347,500,14630.909228
-195.306053,500,14638.239397
-115.822095,500,14645.538912
-205.029213,500,14652.827601
-112.99161,500,14665.211106
-150.696616,500,14672.504676
-281.650986,500,14679.818951
-122.188277,500,14698.512372
-201.842177,500,14712.346397
-170.366607,500,14719.315604
-121.475842,500,14726.299965
-394.664961,500,14733.171676
-181.635218,500,14745.093301
-201.184555,500,14752.22576
-199.338301,500,14759.398157
-92.311228,500,14766.380898
-105.189208,500,14778.798562
-197.444125,500,14786.679243
-217.130558,500,14794.59713
-196.024754,500,14802.268038
-144.837557,500,14815.598808
-132.940123,500,14822.550548
-132.440384,500,14829.917571
-155.664846,500,14837.522313
-164.578458,500,14859.819669
-271.690181,500,14867.473274
-175.146021,500,14875.24556
-213.2106,500,14904.002285
-139.390664,500,14911.072274
-205.884288,500,14923.295923
-157.807342,500,14930.29862
-337.281158,500,14937.453308
-197.794822,500,14944.618579
-309.413113,500,14958.328591
-167.449557,500,14965.45171
-331.206285,500,14972.365946
-151.252778,500,14979.28187
-135.865292,500,14993.212064
-136.573462,500,15000.383329
-223.964025,500,15007.610222
-201.318228,500,15015.323183
-204.646702,500,15029.467717
-241.068403,500,15036.859614
-134.978178,500,15044.5617
-196.225673,500,15052.509002
-149.672537,500,15073.334128
-153.978464,500,15082.05432
-125.063159,500,15100.902176
-305.77681,500,15109.411672
-282.474442,500,15133.125045
-212.496967,500,15140.738758
-265.578851,500,15148.379489
-152.24997,500,15155.980854
-244.849576,500,15177.827616
-158.274295,500,15185.578799
-179.555915,500,15193.359545
-215.44621,500,15200.790369
-409.048849,500,15221.845006
-173.324386,500,15229.561049
-218.210734,500,15237.054168
-152.464931,500,15244.596908
-181.086905,500,15265.996119
-166.070326,500,15273.522922
-103.942088,500,15281.167548
-89.799455,500,15289.006982
-252.366415,500,15311.038184
-175.400686,500,15318.447623
-138.369154,500,15341.845004
-328.183603,500,15349.195038
-192.083708,500,15356.80074
-154.400331,500,15377.483106
-158.59282,500,15385.266879
-167.731112,500,15392.387973
-188.851675,500,15400.06839
-228.401843,500,15421.272435
-243.43484,500,15428.264558
-235.478728,500,15435.672079
-216.204983,500,15443.118924
-243.394611,500,15464.856268
-110.140891,500,15472.626561
-127.370978,500,15480.382331
-163.443214,500,15488.185026
-156.972606,500,15509.758839
-236.762836,500,15517.562803
-140.649759,500,15524.961721
-336.792264,500,15532.591034
-111.260933,500,15544.879719
-122.929112,500,15563.313891
-160.809664,500,15570.392386
-170.652981,500,15577.771714
-180.903786,500,15599.02733
-156.127084,500,15606.224849
-182.997304,500,15613.552527
-170.984073,500,15620.765692
-166.227748,500,15634.6477
-195.358486,500,15641.843862
-259.148338,500,15649.014177
-139.704495,500,15656.230448
-223.390202,500,15670.197239
-106.470621,500,15677.735932
-160.629772,500,15685.379877
-219.820504,500,15693.081309
-222.069597,500,15706.769775
-175.690005,500,15714.09192
-144.905982,500,15721.389782
-281.159908,500,15728.531705
-241.06389,500,15750.553941
-228.093302,500,15767.928299
-130.953526,500,15775.309831
-310.340191,500,15782.190491
-171.469632,500,15794.409162
-131.211321,500,15801.55874
-158.285602,500,15808.763467
-175.002443,500,15815.763178
-145.735043,500,15822.9405
-116.10269,500,15844.85361
-113.479096,500,15852.635532
-135.136381,500,15860.129502
-127.704928,500,15867.210413
-138.829138,500,15880.878007
-172.258705,500,15887.866333
-311.581014,500,15894.837345
-158.878918,500,15901.890496
-109.713291,500,15923.624465
-140.272897,500,15930.912103
-181.430639,500,15938.11196
-266.017119,500,15945.665759
-236.978291,500,15980.972639
-160.638608,500,15987.872141
-98.898251,500,15994.889258
-171.679635,500,16003.090284
-110.473923,500,16025.295545
-213.475132,500,16033.05111
-201.263814,500,16040.580508
-142.93239,500,16048.699766
-139.348312,500,16072.602091
-156.163513,500,16080.107325
-165.837515,500,16086.971532
-180.201205,500,16093.879838
-154.264273,500,16107.645162
-333.528046,500,16114.803874
-199.60616,500,16122.103343
-174.703294,500,16129.125077
-131.891914,500,16141.44963
-115.090868,500,16148.944763
-161.919679,500,16156.206308
-135.902986,500,16163.705645
-122.133421,500,16201.579576
-142.143986,500,16208.610675
-223.494008,500,16216.148839
-279.866653,500,16223.49772
-152.580097,500,16245.024705
-134.436331,500,16252.164431
-133.403982,500,16259.503791
-396.734635,500,16266.14915
-111.546533,500,16273.376583
-109.01704,500,16287.356225
-132.352657,500,16294.845228
-147.115983,500,16301.851527
-208.97384,500,16309.337183
-311.077649,500,16331.213542
-94.975972,500,16338.996077
-166.866732,500,16346.713933
-150.626091,500,16354.284587
-94.639959,500,16376.599016
-144.570602,500,16384.252199
-156.22292,500,16391.513871
-213.876678,500,16409.686772
-178.704965,500,16423.427351
-105.427442,500,16430.415759
-104.576934,500,16437.530457
-269.009742,500,16444.779666
-166.064194,500,16458.461658
-241.967156,500,16465.595522
-142.325424,500,16472.671696
-140.514079,500,16479.993283
-103.965251,500,16495.436639
-96.937774,500,16502.506837
-121.930696,500,16509.71957
-94.548955,500,16517.078235
-221.814666,500,16531.307463
-154.893109,500,16538.443062
-193.92817,500,16545.668951
-199.706371,500,16553.030653
-135.837227,500,16565.470404
-141.624605,500,16572.844647
-177.044123,500,16580.235573
-113.850544,500,16604.188279
-169.513684,500,16625.038062
-157.942354,500,16632.346612
-172.005914,500,16639.552329
-263.586081,500,16646.794549
-176.593509,500,16668.392886
-203.390053,500,16676.000151
-285.843998,500,16683.337953
-117.265901,500,16690.639331
-108.070396,500,16698.056943
-158.821121,500,16712.187051
-205.994217,500,16719.548753
-92.858201,500,16727.235736
-160.51108,500,16734.910414
-435.188915,500,16756.36713
-147.772389,500,16763.449446
-235.242674,500,16770.518088
-206.911393,500,16777.589324
-189.127763,500,16799.238779
-380.734418,500,16806.472096
-187.752216,500,16825.993159
-181.549052,500,16833.822848
-238.871993,500,16854.221592
-332.927286,500,16861.437772
-157.365985,500,16868.694687
-152.064951,500,16876.110562
-214.095948,500,16897.829832
-137.294235,500,16905.186318
-186.381791,500,16912.715426
-144.462404,500,16920.926148
-281.55674,500,16942.450032
-73.919507,500,16949.195045
-174.597631,500,16956.189073
-118.131289,500,16963.597869
-167.061254,500,16986.91805
-137.709337,500,16995.124386
-210.374423,500,17003.151252
-154.832313,500,17012.481953
-176.332282,500,17035.909208
-170.853266,500,17043.295557
-100.233117,500,17065.036979
-121.971237,500,17072.524032
-301.278348,500,17094.142092
-192.253728,500,17101.504247
-94.991162,500,17108.856656
-130.611833,500,17116.352
-321.149932,500,17138.156678
-254.087509,500,17145.43609
-126.398935,500,17152.538531
-208.141595,500,17159.647838
-138.93901,500,17173.712279
-355.34246,500,17181.200222
-278.284542,500,17188.803454
-215.848911,500,17196.197375
-227.570429,500,17203.698718
-102.283102,500,17217.321621
-277.307502,500,17224.332927
-130.518141,500,17231.49646
-102.678773,500,17238.617576
-272.423445,500,17251.30914
-162.806849,500,17274.461489
-152.915611,500,17281.932932
-226.764521,500,17289.368544
-177.115323,500,17309.987394
-275.755033,500,17317.324967
-255.217191,500,17324.651478
-139.63585,500,17331.867867
-250.241676,500,17353.030071
-342.108489,500,17360.200587
-145.763666,500,17367.811299
-186.873052,500,17375.059704
-149.652015,500,17388.801143
-229.08889,500,17396.054538
-290.603034,500,17403.170687
-254.629714,500,17410.410597
-110.503899,500,17424.685117
-152.667962,500,17431.655243
-119.513042,500,17438.651881
-240.842732,500,17446.142754
-218.846767,500,17468.7387
-123.810095,500,17488.458199
-130.275116,500,17495.796555
-145.970218,500,17502.912506
-211.062173,500,17516.216761
-290.578095,500,17523.470391
-247.582693,500,17530.927932
-149.781063,500,17538.517044
-115.533852,500,17560.369731
-141.790418,500,17567.587516
-269.262019,500,17574.868042
-288.791399,500,17581.997549
-102.019997,500,17604.888585
-269.870267,500,17612.144192
-251.356255,500,17619.892035
-232.944262,500,17627.440706
-142.560208,500,17634.89256
-167.677359,500,17647.157456
-122.98868,500,17654.258151
-241.424628,500,17661.276357
-207.304975,500,17668.286563
-125.928016,500,17691.315285
-198.691328,500,17698.545346
-181.132939,500,17705.570348
-163.358185,500,17712.656005
-219.889069,500,17727.050805
-305.265598,500,17734.273952
-154.36653,500,17741.517711
-118.019568,500,17748.818873
-134.585218,500,17762.78698
-109.760843,500,17770.134455
-189.023074,500,17777.153551
-124.287325,500,17784.36191
-255.51753,500,17798.2696
-123.723035,500,17805.486493
-189.641854,500,17812.857571
-138.282288,500,17820.391501
-102.759281,500,17841.777402
-73.073059,500,17848.180362
-219.208429,500,17854.620932
-249.250809,500,17861.517462
-181.408281,500,17884.149617
-217.174587,500,17891.133983
-213.303725,500,17898.282139
-98.749885,500,17905.661871
-272.606312,500,17927.544613
-166.732497,500,17935.528741
-160.315008,500,17944.004294
-122.177463,500,17951.614372
-229.220598,500,17966.676624
-92.387426,500,17973.925009
-205.42216,500,17981.267488
-146.053539,500,17988.686166
-146.12807,500,18001.321331
-178.950906,500,18008.5508
-211.896869,500,18015.665859
-347.252356,500,18022.84577
-189.692727,500,18037.041189
-141.463148,500,18044.071757
-98.549845,500,18051.299842
-137.415478,500,18058.41496
-214.222963,500,18074.240537
-98.008689,500,18086.737455
-202.920133,500,18094.515123
-111.947617,500,18101.904447
-97.939524,500,18109.410435
-133.155983,500,18121.745317
-217.130929,500,18128.871146
-246.97397,500,18136.154894
-126.251751,500,18143.212324
-152.574908,500,18164.679156
-85.014601,500,18172.172342
-134.021337,500,18179.645483
-129.659695,500,18187.226183
-175.485747,500,18200.993045
-121.421219,500,18208.356321
-137.420313,500,18215.728229
-233.813818,500,18222.957303
-247.677303,500,18236.905349
-188.232014,500,18243.988776
-182.952566,500,18251.169742
-162.37594,500,18271.855184
-167.439864,500,18292.457175
-86.913308,500,18299.677967
-124.675186,500,18306.910424
-198.642872,500,18314.09013
-190.154069,500,18327.839337
-182.365822,500,18335.13355
-159.136449,500,18342.205755
-137.553845,500,18349.222363
-146.857287,500,18362.771854
-164.017994,500,18369.580144
-108.333077,500,18376.196496
-103.979802,500,18383.775268
-161.176846,500,18405.023483
-143.249842,500,18412.436553
-161.113394,500,18419.042937
-98.923107,500,18426.520029
-239.613498,500,18447.939579
-160.971558,500,18455.556145
-202.455019,500,18463.024223
-154.989417,500,18485.097567
-144.955439,500,18492.938573
-166.601214,500,18513.647438
-113.275185,500,18521.557391
-188.222487,500,18528.756476
-118.566549,500,18536.226763
-163.539825,500,18550.051598
-152.415456,500,18557.223452
-206.578156,500,18564.667436
-193.328659,500,18571.932095
-152.031084,500,18584.186035
-340.820705,500,18590.580994
-184.448907,500,18597.261174
-187.188782,500,18604.230585
-113.572447,500,18616.492185
-142.814801,500,18623.707658
-174.321677,500,18630.800441
-209.81864,500,18637.827939
-167.597942,500,18651.472317
-169.224614,500,18658.601801
-104.067784,500,18678.639613
-156.51822,500,18685.644757
-124.248794,500,18699.677199
-128.505195,500,18707.350242
-102.380624,500,18714.705614
-174.736139,500,18721.889645
-197.865616,500,18742.491989
-91.2374,500,18750.059502
-254.010751,500,18757.517167
-85.226209,500,18764.80035
-226.61361,500,18777.30209
-145.179187,500,18784.774222
-190.345754,500,18792.263374
-171.651403,500,18799.89535
-119.156525,500,18821.025147
-204.707033,500,18828.7817
-102.151197,500,18836.76467
-108.755215,500,18844.512004
-153.948468,500,18865.274805
-159.614968,500,18872.487263
-278.768311,500,18896.039272
-216.750896,500,18904.238822
-280.996039,500,18912.234346
-154.943679,500,18935.063709
-120.833594,500,18942.553705
-171.65599,500,18949.83534
-166.335652,500,18957.142388
-209.036833,500,18978.622679
-120.470576,500,18985.851152
-125.058559,500,18993.124187
-182.948551,500,19000.231674
-123.028678,500,19013.902152
-281.505515,500,19020.754713
-100.867302,500,19028.135577
-198.525637,500,19035.450442
-113.534954,500,19057.454551
-164.452853,500,19064.927655
-130.268945,500,19072.227494
-168.928444,500,19079.768985
-231.497323,500,19101.091557
-132.359678,500,19122.831593
-141.449442,500,19130.20855
-136.795237,500,19137.393217
